,Unnamed: 0,Time,X,Y,Z,X_f,Y_f,Z_f,fAmag,Amag,fAmag_norm,Amag_norm,Q3 threshold,Std threshold,HO threshold
0,0,3002645,32,64,64,-25.849033,12.145277,-52.598858,59.85248635893067,96.0,0.3587545481870138,0.005781967693011704,Abnormal data,Abnormal data,Abnormal data
1,1,3002743,-64,96,96,-25.972031,12.371145,-51.784473,59.238697375648925,150.09330431434975,0.35495046200703195,0.009039944130030673,Abnormal data,Abnormal data,Abnormal data
2,2,3002889,-64,32,64,-26.094332,12.423964,-51.15152,58.75157055185776,96.0,0.35193139117201205,0.005781967693011704,Abnormal data,Abnormal data,Abnormal data
3,3,3002986,-32,32,-32,-26.113277,12.476519,-51.047153,58.6803083788889,55.42562584220407,0.35148972888296787,0.003338220604006027,Abnormal data,Abnormal data,Abnormal data
4,4,3003084,128,64,64,-25.620377,12.614525,-50.42337,57.94865141446049,156.76734353812338,0.3469551311259534,0.009441913704757256,Abnormal data,Abnormal data,Abnormal data
5,5,3003181,-96,-96,64,-25.845444,12.324079,-49.804901,57.44909104916437,150.09330431434975,0.34385900080518916,0.009039944130030673,Abnormal data,Abnormal data,Abnormal data
6,6,3003328,0,-64,-160,-25.762939,12.120084,-50.398663,57.8848053833849,172.32527382830412,0.3465594319344124,0.010378949645465102,Abnormal data,Abnormal data,Abnormal data
7,7,3003425,64,-64,0,-25.477163,11.916867,-50.127964,57.47965142908883,90.50966799187809,0.3440484051804584,0.005451291419106819,Abnormal data,Abnormal data,Abnormal data
8,8,3003523,32,-32,32,-25.29443,11.799758,-49.688759,56.99136117731831,55.42562584220407,0.3410221237561021,0.003338220604006027,Abnormal data,Abnormal data,Abnormal data
9,9,3003620,-32,64,128,-25.315704,11.938707,-48.742023,56.206782508697245,146.64242223858687,0.3361595326185874,0.008832101539671774,Abnormal data,Abnormal data,Abnormal data
10,10,3003718,0,32,0,-25.235626,11.992022,-48.482788,55.957360047748,32.0,0.3346136845135904,0.001927322564337235,Abnormal data,Abnormal data,Abnormal data
11,11,3003800,64,64,-32,-25.076683,12.013341,-48.309109,55.73984575363168,96.0,0.3332655939763958,0.005781967693011704,Abnormal data,Abnormal data,Abnormal data
12,12,3004010,128,0,-64,-24.595558,11.981594,-48.391384,55.58980224418555,143.10835055998655,0.3323356678026998,0.008619248536854538,Abnormal data,Abnormal data,Abnormal data
13,13,3004108,96,64,-64,-24.216557,12.118731,-48.472824,55.52404830809427,131.93938001976514,0.33192814396897624,0.007946554507398708,Abnormal data,Abnormal data,Abnormal data
14,14,3004205,64,0,-32,-23.939518,12.086833,-48.387291,55.321984638666876,71.55417527999327,0.33067581192444306,0.004309624268427269,Abnormal data,Abnormal data,Abnormal data
15,15,3004303,0,-64,-32,-23.864441,11.887042,-48.302616,55.1720583646804,71.55417527999327,0.3297466123421392,0.004309624268427269,Abnormal data,Abnormal data,Abnormal data
16,16,3004400,-32,-128,-32,-23.889887,11.520129,-48.218784,55.03172906140662,135.7645019878171,0.32887689200213555,0.008176937128660229,Abnormal data,Abnormal data,Abnormal data
17,17,3004498,-32,64,0,-23.915178,11.657803,-47.972019,54.85576283759851,71.55417527999327,0.3277863043598599,0.004309624268427269,Abnormal data,Abnormal data,Abnormal data
18,18,3004595,-32,96,32,-23.940317,11.878715,-47.564445,54.55840060219635,106.1319932913728,0.3259433394306203,0.006392205795892213,Abnormal data,Abnormal data,Abnormal data
19,19,3004693,32,32,-32,-23.76689,11.931368,-47.485397,54.425045069996344,55.42562584220407,0.32511684050202466,0.003338220604006027,Abnormal data,Abnormal data,Abnormal data
20,20,3004790,0,96,-32,-23.693354,12.150871,-47.407124,54.37328476172222,101.19288512538814,0.324796045116737,0.006094729089142072,Abnormal data,Abnormal data,Abnormal data
21,21,3004888,96,0,32,-23.32398,12.119175,-47.007652,53.85723528249597,101.19288512538814,0.32159772004805404,0.006094729089142072,Abnormal data,Abnormal data,Abnormal data
22,22,3004985,64,-32,-32,-23.054688,12.004358,-46.932411,53.64955220728715,78.38367176906169,0.32031056055556223,0.004720956852378628,Abnormal data,Abnormal data,Abnormal data
23,23,3005083,-64,128,32,-23.180788,12.305709,-46.538548,53.42860522456046,146.64242223858687,0.3189411952095024,0.008832101539671774,Abnormal data,Abnormal data,Abnormal data
24,24,3005180,32,64,-32,-23.01123,12.43997,-46.466248,53.323369763278315,78.38367176906169,0.3182889763284026,0.004720956852378628,Abnormal data,Abnormal data,Abnormal data
25,25,3005278,96,0,-32,-22.646255,12.407711,-46.394642,53.09676980846113,101.19288512538814,0.3168845755001315,0.006094729089142072,Abnormal data,Abnormal data,Abnormal data
26,26,3005375,32,-32,-32,-22.478786,12.292825,-46.323723,52.936723350573466,55.42562584220407,0.3158926539518654,0.003338220604006027,Abnormal data,Abnormal data,Abnormal data
27,27,3005473,0,32,0,-22.410034,12.343722,-46.09655,52.72066974723425,32.0,0.3145536163526507,0.001927322564337235,Abnormal data,Abnormal data,Abnormal data
28,28,3005570,64,64,-32,-22.146431,12.476844,-46.027695,52.58026958138502,96.0,0.31368345682694765,0.005781967693011704,Abnormal data,Abnormal data,Abnormal data
29,29,3005668,-64,-32,32,-22.273941,12.362401,-45.648308,52.27547636721397,78.38367176906169,0.31179443684555097,0.004720956852378628,Abnormal data,Abnormal data,Normal data
30,30,3005765,128,64,64,-21.817131,12.495046,-45.116928,51.64930369105145,156.76734353812338,0.30791360012714625,0.009441913704757256,Abnormal data,Abnormal data,Normal data
31,31,3005863,-32,64,64,-21.848083,12.627147,-44.589527,51.234846444760876,96.0,0.30534491426644944,0.005781967693011704,Abnormal data,Abnormal data,Normal data
32,32,3006009,0,64,-32,-21.781858,12.758706,-44.528839,51.18643784650892,71.55417527999327,0.30504489180821315,0.004309624268427269,Abnormal data,Abnormal data,Normal data
33,33,3006106,0,0,96,-21.716005,12.726083,-43.854492,50.5643602773829,96.0,0.3011894353760426,0.005781967693011704,Abnormal data,Abnormal data,Normal data
34,34,3006204,64,32,32,-21.457531,12.775252,-43.491219,50.15096041339015,78.38367176906169,0.29862730286429084,0.004720956852378628,Abnormal data,Abnormal data,Normal data
35,35,3006301,-64,-64,128,-21.585649,12.579816,-42.672615,49.44839819734591,156.76734353812338,0.2942730259231478,0.009441913704757256,Abnormal data,Abnormal data,Normal data
36,36,3006399,-32,-64,0,-21.616945,12.385074,-42.469196,49.237333173161566,71.55417527999327,0.2929649060913381,0.004309624268427269,Abnormal data,Abnormal data,Normal data
37,37,3006496,32,-32,128,-21.456272,12.272317,-41.65974,48.4408434025882,135.7645019878171,0.28802849339697034,0.008176937128660229,Abnormal data,Abnormal data,Normal data
38,38,3006594,0,0,-64,-21.392097,12.241192,-41.765678,48.49577769701149,64.0,0.2883689602282669,0.00385464512867447,Abnormal data,Abnormal data,Normal data
39,39,3006691,-64,-32,-128,-21.519209,12.129243,-42.172852,48.87478222511722,146.64242223858687,0.29071792041945327,0.008832101539671774,Abnormal data,Abnormal data,Normal data
40,40,3006789,64,0,0,-21.264624,12.098601,-41.974319,48.583987439611604,64.0,0.28891565864075835,0.00385464512867447,Abnormal data,Abnormal data,Normal data
41,41,3006886,64,-64,-32,-21.011118,11.906794,-41.927544,48.38551197249333,96.0,0.2876855652339116,0.005781967693011704,Abnormal data,Abnormal data,Normal data
42,42,3007033,64,0,0,-20.758688,11.876812,-41.731804,48.099119075707655,64.0,0.2859105850853883,0.00385464512867447,Abnormal data,Abnormal data,Normal data
43,43,3007130,32,-32,-32,-20.602226,11.766582,-41.686543,47.96532117487226,55.42562584220407,0.2850813444842339,0.003338220604006027,Abnormal data,Abnormal data,Normal data
44,44,3007228,-32,-64,0,-20.635963,11.576547,-41.49353,47.765808286278144,71.55417527999327,0.28384482143983,0.004309624268427269,Abnormal data,Abnormal data,Normal data
45,45,3007325,64,96,32,-20.386127,11.788084,-41.154537,47.41570429863458,119.73303637676612,0.2816749784201157,0.007211380709548509,Abnormal data,Abnormal data,Normal data
46,46,3007423,0,32,-32,-20.326025,11.838687,-41.112442,47.36596551732011,45.254833995939045,0.2813667118728801,0.0027256457095534096,Abnormal data,Abnormal data,Normal data
47,47,3007520,0,-32,-32,-20.266253,11.729161,-41.070728,47.276832876937874,45.254833995939045,0.2808142936074846,0.0027256457095534096,Abnormal data,Abnormal data,Normal data
48,48,3007618,0,0,32,-20.206806,11.699904,-40.737682,46.95488789321061,32.0,0.2788189719307037,0.001927322564337235,Abnormal data,Abnormal data,Normal data
49,49,3007715,-64,128,96,-20.33494,11.989341,-40.116379,46.54651379522984,172.32527382830412,0.2762879876597167,0.010378949645465102,Abnormal data,Abnormal data,Normal data
50,50,3007813,32,-128,-64,-20.182129,11.641007,-40.224705,46.4850327232725,146.64242223858687,0.27590694579918523,0.008832101539671774,Abnormal data,Abnormal data,Normal data
51,51,3007910,-32,64,-32,-20.216572,11.771331,-40.187553,46.50068207102509,78.38367176906169,0.27600393591978506,0.004720956852378628,Abnormal data,Abnormal data,Normal data
52,52,3008008,0,32,-32,-20.15781,11.821609,-40.15073,46.45609607874817,45.254833995939045,0.2757276048652025,0.0027256457095534096,Abnormal data,Abnormal data,Normal data
53,53,3008105,64,-64,224,-19.913805,11.633549,-38.96,45.27450377324335,241.594701928664,0.26840443830116445,0.014550966264107582,Abnormal data,Abnormal data,Normal data
54,55,3008300,0,-64,-128,-19.89119,11.417801,-39.619953,45.77954013545691,143.10835055998655,0.2715345072633228,0.008619248536854538,Abnormal data,Abnormal data,Normal data
55,56,3008398,0,-96,-128,-19.833883,11.152482,-40.013664,46.0310121149091,160.0,0.2730930576898424,0.009636612821686175,Abnormal data,Abnormal data,Normal data
56,57,3008544,-64,32,-32,-19.960812,11.203958,-39.978062,46.067430271732675,78.38367176906169,0.2733187668681535,0.004720956852378628,Abnormal data,Abnormal data,Normal data
57,58,3008641,-128,0,-32,-20.270685,11.17635,-39.942768,46.16531365856349,131.93938001976514,0.273925419723182,0.007946554507398708,Abnormal data,Abnormal data,Normal data
58,59,3008739,32,0,-64,-20.120871,11.148871,-40.04874,46.184936396631336,71.55417527999327,0.2740470357650637,0.004309624268427269,Abnormal data,Abnormal data,Normal data
59,60,3008836,-64,-32,-32,-20.246405,11.043022,-40.013424,46.183756349178495,78.38367176906169,0.2740397221730486,0.004720956852378628,Abnormal data,Abnormal data,Normal data
60,61,3008934,32,32,-32,-20.097229,11.094351,-39.978409,46.10050350875707,55.42562584220407,0.2735237452032469,0.003338220604006027,Abnormal data,Abnormal data,Normal data
61,62,3009031,32,32,0,-19.948748,11.14545,-39.804459,45.89736984569688,45.254833995939045,0.2722647816483705,0.0027256457095534096,Abnormal data,Abnormal data,Normal data
62,63,3009129,64,32,-32,-19.709919,11.196321,-39.770622,45.77707816351417,78.38367176906169,0.27151924867495125,0.004720956852378628,Abnormal data,Abnormal data,Normal data
63,64,3009226,0,-32,32,-19.653912,11.091164,-39.460743,45.45811713974402,45.254833995939045,0.26954242071692985,0.0027256457095534096,Abnormal data,Abnormal data,Normal data
64,65,3009324,-32,32,-32,-19.68891,11.141984,-39.428623,45.45781886673056,55.42562584220407,0.26954057210726223,0.003338220604006027,Abnormal data,Abnormal data,Normal data
65,66,3009421,64,-32,0,-19.452291,11.037334,-39.259579,45.18328131326319,71.55417527999327,0.26783906793974305,0.004309624268427269,Abnormal data,Abnormal data,Normal data
66,67,3009519,-32,0,160,-19.487728,11.010603,-38.408257,44.45446126997426,163.1686244349691,0.2633220525975231,0.009827455364543245,Abnormal data,Abnormal data,Normal data
67,68,3009616,-64,-64,32,-19.613111,10.829333,-38.107533,44.205572586149124,96.0,0.26177951268839855,0.005781967693011704,Abnormal data,Abnormal data,Normal data
68,69,3009714,-32,64,-128,-19.647936,10.957706,-38.490379,44.58275434970537,146.64242223858687,0.26411717591332956,0.008832101539671774,Abnormal data,Abnormal data,Normal data
69,70,3009811,0,64,-64,-19.592838,11.085597,-38.598755,44.68370675414785,90.50966799187809,0.2647428496498021,0.005451291419106819,Abnormal data,Abnormal data,Normal data
70,71,3009909,32,-64,-128,-19.448507,10.904802,-38.977158,44.9040975518406,146.64242223858687,0.26610876792226046,0.008832101539671774,Abnormal data,Abnormal data,Normal data
71,72,3010007,-32,96,0,-19.483559,11.109513,-38.812584,44.826856092756564,101.19288512538814,0.2656300477512789,0.006094729089142072,Abnormal data,Abnormal data,Normal data
72,73,3010104,0,96,64,-19.429287,11.313587,-38.379967,44.48051608351714,115.37764081484765,0.2634835327785302,0.006949060330076643,Abnormal data,Abnormal data,Normal data
73,74,3010201,32,-64,96,-19.286375,11.132664,-37.815735,43.88542220336664,119.73303637676612,0.25979531342801576,0.007211380709548509,Abnormal data,Abnormal data,Normal data
74,75,3010299,0,0,-32,-19.232876,11.105944,-37.791351,43.83413877068549,32.0,0.25947747357940637,0.001927322564337235,Abnormal data,Abnormal data,Normal data
75,76,3010396,-64,32,32,-19.356762,11.155983,-37.499947,43.65072985442216,78.38367176906169,0.2583407582869416,0.004720956852378628,Abnormal data,Abnormal data,Normal data
76,77,3010494,-64,-32,128,-19.480074,11.052833,-36.810837,43.089164775056084,146.64242223858687,0.25486034072363656,0.008832101539671774,Abnormal data,Abnormal data,Normal data
77,78,3010591,32,-32,0,-19.338142,10.950086,-36.657696,42.86787603145246,45.254833995939045,0.25348885724273856,0.0027256457095534096,Abnormal data,Abnormal data,Normal data
78,79,3010689,0,32,64,-19.28492,11.000245,-36.240368,42.50032708393959,71.55417527999327,0.25121089541907576,0.004309624268427269,Abnormal data,Abnormal data,Normal data
79,80,3010786,-32,0,-64,-19.319832,10.974084,-36.355213,42.60736955530873,71.55417527999327,0.25187431362483975,0.004309624268427269,Abnormal data,Abnormal data,Normal data
80,81,3010884,-128,-32,0,-19.6175,10.872102,-36.205341,42.589618747702886,131.93938001976514,0.251764299265286,0.007946554507398708,Abnormal data,Abnormal data,Normal data
81,82,3010981,-32,-96,-96,-19.651396,10.618867,-36.451004,42.75059524404919,139.48476619330157,0.25276198492229907,0.008401004289551676,Abnormal data,Abnormal data,Normal data
82,83,3011079,-64,-32,32,-19.772493,10.517905,-36.170593,42.54279731042286,78.38367176906169,0.2514741135706332,0.004720956852378628,Abnormal data,Abnormal data,Normal data
83,84,3011176,32,64,64,-19.631384,10.644409,-35.76136,42.16123278278681,96.0,0.24910928724450584,0.005781967693011704,Abnormal data,Abnormal data,Normal data
84,85,3011274,0,-96,0,-19.577969,10.392484,-35.615566,41.949602326548614,96.0,0.24779766302874595,0.005781967693011704,Abnormal data,Abnormal data,Normal data
85,86,3011371,0,64,32,-19.524822,10.519091,-35.340832,41.72342694518499,71.55417527999327,0.2463958935836555,0.004309624268427269,Abnormal data,Abnormal data,Normal data
86,87,3011469,32,-64,-64,-19.385275,10.343323,-35.456966,41.71294349998703,96.0,0.24633092022948588,0.005781967693011704,Abnormal data,Abnormal data,Normal data
87,88,3011566,-64,0,0,-19.505903,10.318947,-35.313786,41.64161861272943,64.0,0.24588886925546108,0.00385464512867447,Abnormal data,Abnormal data,Normal data
88,89,3011664,-64,32,-64,-19.625988,10.369932,-35.429241,41.80844427262092,96.0,0.24692280633244548,0.005781967693011704,Abnormal data,Abnormal data,Normal data
89,90,3011761,-32,-32,-32,-19.659325,10.270486,-35.415485,41.78789920439942,55.42562584220407,0.24679547395565649,0.003338220604006027,Abnormal data,Abnormal data,Normal data
90,91,3011859,64,0,0,-19.434494,10.246416,-35.273994,41.55650671787907,64.0,0.24536137040525166,0.00385464512867447,Abnormal data,Abnormal data,Normal data
91,92,3011956,96,96,-32,-19.124584,10.446958,-35.260956,41.45146152623278,139.48476619330157,0.24471033076019538,0.008401004289551676,Abnormal data,Abnormal data,Normal data
92,93,3012054,-32,-32,0,-19.159138,10.347754,-35.121094,41.32359889342161,45.254833995939045,0.24391787522961153,0.0027256457095534096,Abnormal data,Abnormal data,Normal data
93,94,3012151,-32,32,0,-19.193516,10.398283,-34.982239,41.23435935289241,45.254833995939045,0.2433647944280957,0.0027256457095534096,Abnormal data,Abnormal data,Normal data
94,95,3012249,-64,0,-64,-19.313183,10.374063,-35.096592,41.38104627403616,90.50966799187809,0.24427391744057386,0.005451291419106819,Abnormal data,Abnormal data,Normal data
95,96,3012346,-64,32,64,-19.432318,10.424328,-34.707378,41.12035608721782,96.0,0.24265823523717187,0.005781967693011704,Abnormal data,Abnormal data,Normal data
96,97,3012444,-32,0,32,-19.465763,10.400145,-34.445889,40.909634735518175,45.254833995939045,0.24135224538779107,0.0027256457095534096,Abnormal data,Abnormal data,Normal data
97,98,3012541,0,-32,0,-19.414083,10.301989,-34.311211,40.74673970238025,32.0,0.24034266919593034,0.001927322564337235,Abnormal data,Abnormal data,Normal data
98,99,3012639,-64,-96,64,-19.532187,10.05626,-33.928062,40.41964974200559,131.93938001976514,0.23831546044542573,0.007946554507398708,Abnormal data,Abnormal data,Normal data
99,100,3012736,-32,0,0,-19.565155,10.033018,-33.796089,40.3191315885929,32.0,0.2376924780709458,0.001927322564337235,Abnormal data,Abnormal data,Normal data
100,101,3012834,-64,64,-64,-19.682371,10.157482,-33.9132,40.50525031402677,110.85125168440814,0.2388459879750716,0.006676441208012054,Abnormal data,Abnormal data,Normal data
101,102,3012931,32,64,96,-19.546274,10.281507,-33.411129,40.0508396232684,119.73303637676612,0.2360296822481302,0.007211380709548509,Abnormal data,Abnormal data,Normal data
102,103,3013029,32,-32,0,-19.410753,10.184232,-33.282169,39.85221056354834,45.254833995939045,0.23479863691886427,0.0027256457095534096,Abnormal data,Abnormal data,Normal data
103,104,3013126,0,-64,-64,-19.359802,10.013808,-33.400356,39.88310500784517,90.50966799187809,0.23499011172826767,0.005451291419106819,Abnormal data,Abnormal data,Normal data
104,105,3013224,-64,0,0,-19.476717,9.990822,-33.272263,39.82715800148113,64.0,0.23464336840194913,0.00385464512867447,Abnormal data,Abnormal data,Normal data
105,106,3013321,64,-64,-96,-19.258465,9.821336,-33.51207,39.87989406538113,131.93938001976514,0.23497021123773287,0.007946554507398708,Abnormal data,Abnormal data,Normal data
106,107,3013419,32,0,0,-19.124575,9.798857,-33.384281,39.702357427790545,32.0,0.23386989062609884,0.001927322564337235,Abnormal data,Abnormal data,Normal data
107,108,3013516,-96,0,0,-19.32506,9.776476,-33.257381,39.6874138482383,96.0,0.2337772746522014,0.005781967693011704,Abnormal data,Abnormal data,Normal data
108,109,3013614,-96,-32,96,-19.524807,9.681257,-32.767578,39.35300488493073,139.48476619330157,0.23170470484330924,0.008401004289551676,Abnormal data,Abnormal data,Normal data
109,110,3013760,32,64,-96,-19.390722,9.804884,-33.006897,39.516972296765715,119.73303637676612,0.23272092732745006,0.007211380709548509,Abnormal data,Abnormal data,Normal data
110,111,3013858,0,32,-64,-19.34034,9.855339,-33.123905,39.60264562588649,71.55417527999327,0.2332519057845068,0.004309624268427269,Abnormal data,Abnormal data,Normal data
111,112,3013955,64,64,0,-19.124279,9.978198,-32.999249,39.42401447292051,90.50966799187809,0.23214480168387785,0.005451291419106819,Abnormal data,Abnormal data,Normal data
112,113,3014053,0,32,32,-19.074745,10.028109,-32.75539,39.20872914266676,45.254833995939045,0.23081052561852333,0.0027256457095534096,Abnormal data,Abnormal data,Normal data
113,114,3014150,-32,-32,-128,-19.108149,9.93303,-33.111847,39.49912473635979,135.7645019878171,0.23261031332209015,0.008176937128660229,Abnormal data,Abnormal data,Normal data
114,115,3014248,-32,-32,64,-19.14139,9.838302,-32.749069,39.18783634933249,78.38367176906169,0.2306810381422914,0.004720956852378628,Abnormal data,Abnormal data,Normal data
115,116,3014345,32,-32,32,-19.009832,9.743921,-32.507622,38.89811302900629,55.42562584220407,0.228885416994159,0.003338220604006027,Abnormal data,Abnormal data,Normal data
116,117,3014443,0,32,-64,-18.961006,9.794056,-32.624771,38.98485557579524,71.55417527999327,0.22942302215235522,0.004309624268427269,Abnormal data,Abnormal data,Normal data
117,118,3014540,-32,0,-128,-18.994423,9.772033,-32.978466,39.29198332699908,131.93938001976514,0.23132651091749512,0.007946554507398708,Abnormal data,Abnormal data,Normal data
118,119,3018496,-96,-32,64,-3.072146,0.305121,1.008023,3.247659193709525,119.73303637676612,0.007934239246020847,0.007211380709548509,Normal data,Normal data,Normal data
119,120,3018545,-32,-32,32,-3.114052,0.268404,1.072766,3.3045706917353126,55.42562584220407,0.008286960212051263,0.003338220604006027,Normal data,Normal data,Normal data
120,121,3018691,32,0,0,-3.063229,0.268099,1.070529,3.2559608904412536,32.0,0.00798569075568907,0.001927322564337235,Normal data,Normal data,Normal data
121,122,3018789,32,-32,0,-3.012517,0.231484,1.0683,3.2047009856685538,45.254833995939045,0.007667996726235458,0.0027256457095534096,Normal data,Normal data,Normal data
122,123,3018935,-32,0,96,-3.05441,0.231221,1.265511,3.3142724224272815,101.19288512538814,0.008347088726332993,0.006094729089142072,Normal data,Normal data,Normal data
123,124,3019033,0,-64,-32,-3.049999,0.158454,1.196418,3.2800941451185515,71.55417527999327,0.00813526167191021,0.004309624268427269,Normal data,Normal data,Normal data
124,125,3019130,-64,-32,32,-3.137888,0.122016,1.260307,3.3837261619476537,78.38367176906169,0.00877754286913117,0.004720956852378628,Normal data,Normal data,Normal data
125,126,3019277,-64,-32,32,-3.22563,0.085638,1.323971,3.4878248196813155,78.38367176906169,0.009422716171398655,0.004720956852378628,Normal data,Normal data,Normal data
126,127,3019374,-64,64,160,-3.313225,0.157986,1.652122,3.7056614227024305,183.82600468921692,0.010772804285747293,0.011071625210921567,Normal data,Normal data,Normal data
127,128,3019520,0,32,-32,-3.308451,0.194035,1.582452,3.6725538706641188,45.254833995939045,0.01056761327614561,0.0027256457095534096,Normal data,Normal data,Normal data
128,129,3019618,32,96,64,-3.257641,0.302445,1.711496,3.692277944700534,119.73303637676612,0.010689857368983008,0.007211380709548509,Normal data,Normal data,Normal data
129,130,3019715,32,-64,0,-3.206942,0.229626,1.70796,3.6406500041668384,71.55417527999327,0.010369882360576893,0.004309624268427269,Normal data,Normal data,Normal data
130,131,3019813,-32,0,64,-3.248315,0.229366,1.836378,3.7385081596895033,71.55417527999327,0.010976378839272095,0.004309624268427269,Normal data,Normal data,Normal data
131,132,3019910,0,0,64,-3.243652,0.229106,1.964427,3.799044787136498,64.0,0.01135156730652439,0.00385464512867447,Normal data,Normal data,Normal data
132,133,3020008,32,-32,-32,-3.193122,0.192685,1.894522,3.717844701516323,55.42562584220407,0.010848312715883976,0.003338220604006027,Normal data,Normal data,Normal data
133,134,3020154,32,-128,-128,-3.142703,0.04789,1.627544,3.539459714454312,183.82600468921692,0.00974273428016391,0.011071625210921567,Normal data,Normal data,Normal data
134,135,3020252,-64,-32,-32,-3.229827,0.01164,1.55839,3.586153556615918,78.38367176906169,0.010032129177262749,0.004720956852378628,Normal data,Normal data,Normal data
135,136,3020349,64,0,0,-3.1336,0.011626,1.55519,3.498313888143258,64.0,0.009487724376928214,0.00385464512867447,Normal data,Normal data,Normal data
136,137,3020447,-768,-320,-320,-4.228265,-0.349762,0.896174,4.336321736811627,891.4168497397836,0.014681454083172172,0.05368899402293435,Normal data,Normal data,Normal data
137,138,3020544,736,-960,-192,-3.154217,-1.439191,0.499117,3.5027808091941752,1224.8101893762969,0.009515409058634312,0.07376888484422184,Normal data,Normal data,Normal data
138,139,3020642,352,0,416,-2.632039,-1.437528,1.355913,3.2912939874575167,544.9403637096449,0.008204675047875082,0.03282112059986682,Normal data,Normal data,Normal data
139,140,3020739,768,512,96,-1.492629,-0.844823,1.55229,2.313281538652397,928.0,0.002143237417538865,0.05589235436577981,Normal data,Normal data,Normal data
140,141,3020837,448,-128,128,-0.818805,-0.992944,1.814607,2.2246748031139294,483.189403857328,0.0015940785579044146,0.029101932528215163,Normal data,Normal data,Normal data
141,142,3020934,0,-32,256,-0.817568,-1.029113,2.342155,2.6857365927093446,257.9922479455536,0.00445160586727375,0.0155385712777985,Normal data,Normal data,Normal data
142,143,3021032,512,0,160,-0.044231,-1.027913,2.670344,2.861695056302471,536.4177476556868,0.005542145413986662,0.03230781340524256,Normal data,Normal data,Normal data
143,144,3021129,288,288,128,0.393932,-0.691337,2.931514,3.037581867273539,426.9332500520427,0.006632240878520268,0.025713690196597902,Normal data,Normal data,Normal data
144,145,3021275,-160,288,160,0.148915,-0.353605,3.25896,3.2814680334950697,366.2567405523071,0.008143776633775452,0.022059215012720932,Normal data,Normal data,Normal data
145,146,3021373,-64,-224,-448,0.050758,-0.616444,2.31722,2.3983511227716425,504.951482817904,0.002670474038102778,0.030412637085327873,Normal data,Normal data,Normal data
146,147,3021519,-32,0,192,0.001728,-0.615717,2.715806,2.784728467859838,194.64840096954302,0.005065128811555115,0.011723445478148811,Normal data,Normal data,Normal data
147,148,3021617,-96,384,32,-0.145002,-0.162742,2.777445,2.785984792957959,397.1095566717074,0.005072915150302633,0.0239174440339793,Normal data,Normal data,Normal data
148,149,3021714,-160,2144,1504,-0.38942,2.378921,5.932515,6.403565201188007,2623.804870793558,0.027493629778222492,0.158028697871824,Normal data,Normal data,Normal data
149,150,3021812,-3712,2240,5920,-6.0739,5.141698,18.707447,20.329729284744865,7337.775139645531,0.11380395755108338,0.4419456124584887,Normal data,Normal data,Normal data
150,151,3021909,-480,-2112,-224,-6.852336,2.414211,18.122578,19.524619247900866,2177.411307034112,0.10881411894539912,0.13114293574655858,Normal data,Normal data,Normal data
151,152,3022104,-96,-32,-192,-6.671624,2.664673,16.798016,18.26976711757873,217.03455946000858,0.10103690922528258,0.013071737615258306,Normal data,Normal data,Normal data
152,153,3022202,-224,-320,64,-7.032256,2.230917,16.912729,18.45182964743242,395.8181400592954,0.10216528000509997,0.023839663522196124,Normal data,Normal data,Normal data
153,154,3022299,64,160,0,-6.914071,2.444085,16.871687,18.396514656484122,172.32527382830412,0.10182245372710592,0.010378949645465102,Normal data,Normal data,Normal data
154,155,3022445,-64,-480,320,-7.009028,1.791064,17.605749,19.03409524006542,580.4274287109457,0.10577399334852179,0.034958465009838985,Normal data,Normal data,Normal data
155,156,3022543,1184,544,-1728,-5.028916,2.531051,13.363259,14.50078985437476,2164.2033176205973,0.07767788078042238,0.13034743399574003,Normal data,Normal data,Normal data
156,157,3022640,-960,-992,832,-6.65166,1.160923,15.417154,16.830952451576977,1611.7965132112677,0.09211955304005422,0.09707661840725482,Normal data,Normal data,Normal data
157,158,3022738,-1056,736,-1344,-8.465692,2.191971,11.959458,14.81557672038011,1860.958892614235,0.07962883851871251,0.11208337703248276,Normal data,Normal data,Normal data
158,159,3022835,1152,96,160,-6.421076,2.325337,12.345231,14.108229428411844,1167.0132818438701,0.07524490506419347,0.07028784471809188,Normal data,Normal data,Normal data
159,160,3022933,-320,-32,32,-6.985374,2.276515,12.396466,14.41007771506653,323.1841580275865,0.07711567323858283,0.019465003756340565,Normal data,Normal data,Normal data
160,161,3023079,160,288,-128,-6.683539,2.682609,12.031295,14.022059192159581,353.45155254999236,0.07471084692078991,0.02128797351967588,Normal data,Normal data,Normal data
161,162,3023177,0,-160,128,-6.67144,2.450402,12.33299,14.234297452818105,204.89997559785115,0.07602623813214353,0.012340885825058979,Normal data,Normal data,Normal data
162,163,3023323,-160,-192,128,-6.948547,2.172345,12.633814,14.581311477258485,280.7988603965479,0.0781769304557097,0.0169121868650765,Normal data,Normal data,Normal data
163,164,3023420,96,-64,0,-6.762258,2.077489,12.600965,14.450896606609225,115.37764081484765,0.07736865689490315,0.006949060330076643,Normal data,Normal data,Normal data
164,165,3023518,-256,64,128,-7.213374,2.166243,12.900302,14.93797726903241,293.28484447717375,0.08038744163514656,0.01766420307934355,Normal data,Normal data,Normal data
165,166,3023615,128,-192,96,-6.967866,1.887998,13.115793,14.971296505674083,249.92798962901293,0.08059394460455217,0.01505287043348247,Normal data,Normal data,Normal data
166,167,3023713,64,-64,0,-6.838896,1.793348,13.081814,14.87011947088913,90.50966799187809,0.07996687867433766,0.005451291419106819,Normal data,Normal data,Normal data
167,168,3023810,352,192,-128,-6.187038,2.066551,12.717155,14.292519146150198,420.89428601490897,0.07638707930885473,0.025349970457410748,Normal data,Normal data,Normal data
168,169,3023908,1152,-96,-192,-4.071873,1.925361,12.187896,12.993535839611402,1171.8293391104355,0.0683363573522452,0.07057791021312286,Normal data,Normal data,Normal data
169,170,3024054,1184,1056,-960,-1.85601,3.443739,9.67072,10.432014989378658,1854.3440888896537,0.05246079371145416,0.11168497514257503,Normal data,Normal data,Normal data
170,171,3024152,-2112,-96,544,-5.877458,3.297687,11.077385,12.966407001554362,2183.047411303749,0.0681682206786608,0.13148239171324075,Normal data,Normal data,Normal data
171,172,3024249,64,992,608,-5.738943,4.750536,12.66141,14.690621574073884,1165.25705318612,0.07885440274660135,0.07018206912058507,Normal data,Normal data,Normal data
172,173,3024347,-128,-128,480,-5.981154,4.551907,13.91301,15.813472350134393,512.9990253402048,0.085813506340406,0.03089733115691205,Normal data,Normal data,Normal data
173,174,3024444,480,-320,192,-5.017936,4.065731,14.393112,15.775662373066972,608.0,0.08557917106371436,0.03661912872240746,Normal data,Normal data,Normal data
174,175,3024542,96,160,64,-4.816175,4.300481,14.526961,15.897241092639534,197.26124809500723,0.08633268072176174,0.011880814203838526,Normal data,Normal data,Normal data
175,176,3024639,672,-64,-512,-3.464362,4.197494,13.108713,14.193629432370319,847.2449468719185,0.07577418953113169,0.051028571988342195,Normal data,Normal data,Normal data
176,177,3024737,-64,-64,32,-3.586659,4.094676,13.159995,14.241346942170955,96.0,0.07606992882349436,0.005781967693011704,Normal data,Normal data,Normal data
177,178,3024834,0,-96,-32,-3.579419,3.943791,13.037691,14.083576053003123,101.19288512538814,0.0750921105904628,0.006094729089142072,Normal data,Normal data,Normal data
178,179,3024932,-160,-160,128,-3.89456,3.696536,13.348475,14.387972783492502,259.96922894835075,0.07697867328094168,0.01565764253079716,Normal data,Normal data,Normal data
179,180,3025029,64,0,128,-3.757622,3.690952,13.658293,14.63870955497912,143.10835055998655,0.07853266710162857,0.008619248536854538,Normal data,Normal data,Normal data
180,181,3025127,-64,288,-96,-3.879046,4.119876,13.362091,14.510887361487338,310.2515108746451,0.07774046220222285,0.0186860855477632,Normal data,Normal data,Normal data
181,182,3025224,192,128,64,-3.484553,4.307547,13.4988,14.59159594448181,239.46607275353225,0.07824067060207654,0.014422761419097018,Normal data,Normal data,Normal data
182,183,3025370,32,-320,64,-3.412954,3.815771,13.634911,14.564311219844145,327.90242451070714,0.07807156778865718,0.019749179426886646,Normal data,Normal data,Normal data
183,184,3025468,-192,-64,800,-3.792981,3.712427,15.750751,16.62091983497577,825.2030053265681,0.09081783177114813,0.04970101163514982,Normal data,Normal data,Normal data
184,185,3025565,64,-640,736,-3.656131,2.731642,17.713812,18.292301590468846,977.4415583552809,0.10117657135547613,0.05887016158559634,Normal data,Normal data,Normal data
185,186,3025663,0,-224,256,-3.648756,2.382276,18.370806,18.880550107911265,340.1646660075088,0.10482236513240735,0.020487719887078464,Normal data,Normal data,Normal data
186,187,3025760,-288,64,544,-4.221267,2.477504,19.822937,20.418274962916776,618.8505473860389,0.11435273799486055,0.03727264449779881,Normal data,Normal data,Normal data
187,188,3025858,-480,-32,704,-5.182698,2.424237,21.727634,22.468363599277293,852.6664060463506,0.12705859303908035,0.051355100132045826,Normal data,Normal data,Normal data
188,189,3025955,-288,64,-128,-5.758465,2.519289,21.30629,22.214066034516193,321.5960198758685,0.12548253045395785,0.019369352053368975,Normal data,Normal data,Normal data
189,190,3026053,0,-192,64,-5.7467,2.219111,21.426455,22.29443850800791,202.3857702507763,0.12598065574455214,0.012189458178284145,Normal data,Normal data,Normal data
190,191,3026150,352,96,64,-5.017172,2.36417,21.546045,22.248446458314994,370.4267808892872,0.1256956103537235,0.022310371663835253,Normal data,Normal data,Normal data
191,192,3026248,-128,-32,128,-5.269239,2.310999,21.844496,22.58954628829756,183.82600468921692,0.1278096482145745,0.011071625210921567,Normal data,Normal data,Normal data
192,193,3026589,32,192,-256,-5.629159,2.794449,23.077511,23.917940760358178,321.5960198758685,0.1360426520487448,0.019369352053368975,Abnormal data,Normal data,Normal data
193,194,3026687,352,-352,224,-4.896701,2.244318,23.646936,24.252674618619306,545.8791074954233,0.1381172354623716,0.03287766003988126,Abnormal data,Normal data,Normal data
194,195,3026784,-256,160,64,-5.413597,2.49028,23.761433,24.497228928397146,308.59682435177456,0.1396329121776929,0.018586425714249667,Abnormal data,Normal data,Normal data
195,196,3026882,32,-256,96,-5.336354,2.086619,23.965984,24.64140909024346,275.27440854536405,0.1405264990227591,0.016579455592939583,Abnormal data,Normal data,Normal data
196,197,3027028,-288,224,544,-5.919164,2.434407,25.436483,26.229325330816916,655.023663694679,0.15036794354240024,0.03945130897542498,Abnormal data,Normal data,Normal data
197,198,3027125,384,-128,0,-5.112337,2.229402,25.364016,25.969973633552826,404.7715405015526,0.1487605569092252,0.02437891635656829,Abnormal data,Normal data,Normal data
198,199,3027223,768,-32,32,-3.50348,2.175548,25.382877,25.71571165664744,769.3321779309637,0.14718471488731544,0.04633597706240796,Abnormal data,Normal data,Normal data
199,200,3027418,-5664,2816,3744,-15.439963,6.598672,35.923798,39.65418253286476,7350.393730950744,0.23357131659332717,0.4427056154507601,Abnormal data,Abnormal data,Normal data
200,201,3027515,-6496,-6688,-6848,-30.617216,-4.498538,15.022789,34.39963588566921,11568.165973913065,0.2010051597754045,0.6967371034225273,Abnormal data,Abnormal data,Normal data
201,202,3027613,-96,-1856,-14624,-30.78973,-7.972054,-35.369637,47.56650439083772,14741.618907026459,0.2826095936744052,0.8878704610741406,Abnormal data,Abnormal data,Normal data
202,203,3027710,-3328,-3712,-4576,-39.477943,-15.164339,-55.486752,69.76564203336535,6767.14888265361,0.4201934132176292,0.407577460555244,Abnormal data,Abnormal data,Abnormal data
203,204,3027808,1920,992,-4032,-33.989609,-13.068176,-74.612053,83.0242687219506,4574.657145623047,0.5023665377366041,0.2755262481520583,Abnormal data,Abnormal data,Abnormal data
204,205,3027905,416,448,-3072,-32.683632,-12.091322,-90.094322,96.59920664818523,3132.242647050193,0.5865000676074011,0.18865131033247584,Abnormal data,Abnormal data,Abnormal data
205,206,3028003,768,544,-1792,-30.345791,-10.904817,-99.361351,104.46272128259137,2024.110668911164,0.6352358516661034,0.1219098176533819,Abnormal data,Abnormal data,Abnormal data
206,207,3028100,736,-768,-1120,-28.079103,-12.534644,-105.075806,109.48277641730219,1544.6423534268379,0.6663486980691066,0.09303200192470358,Abnormal data,Abnormal data,Abnormal data
207,208,3028198,544,-800,-256,-26.366224,-14.251766,-105.933167,110.09144595647213,1000.7357293511609,0.6701210554186184,0.06027314225365539,Abnormal data,Abnormal data,Abnormal data
208,209,3028344,0,-160,672,-26.286617,-14.573873,-101.525703,105.88131269099861,690.7850606375329,0.6440278699635154,0.04160517607730569,Abnormal data,Abnormal data,Abnormal data
209,210,3028490,-544,96,-160,-27.845835,-14.329332,-101.860222,106.56559063929937,575.1104241795657,0.6482688263138224,0.03463822804708861,Abnormal data,Abnormal data,Abnormal data
210,211,3028588,-160,0,-288,-28.24675,-14.297643,-102.920273,107.67954343937606,329.460164511584,0.6551727828320167,0.01984300028479479,Abnormal data,Abnormal data,Abnormal data
211,212,3028685,-96,-128,256,-28.452211,-14.548617,-100.880302,105.82072528107344,301.8873962258113,0.6436523667611852,0.018182324707344422,Abnormal data,Abnormal data,Abnormal data
212,213,3028783,-256,-288,352,-29.14109,-15.152243,-98.302582,103.64454265510497,521.9042057696029,0.6301650177242226,0.03143367975632059,Abnormal data,Abnormal data,Abnormal data
213,214,3028880,-288,-256,736,-29.92594,-15.685621,-93.538216,99.45349890024934,830.7683190878189,0.6041901435218499,0.050036203972327165,Abnormal data,Abnormal data,Abnormal data
214,215,3028978,-96,160,512,-30.126699,-15.295544,-90.042824,96.17318655835166,544.9403637096449,0.5838597185945115,0.03282112059986682,Abnormal data,Abnormal data,Abnormal data
215,216,3029075,-160,-224,384,-30.520628,-15.759528,-87.289421,93.80466126377947,472.4743379274688,0.5691802854579872,0.028456576642434575,Abnormal data,Abnormal data,Abnormal data
216,217,3029173,224,160,128,-29.748962,-15.368029,-86.034447,92.32065384310324,303.5786553761644,0.5599828376807376,0.018284187267426217,Abnormal data,Abnormal data,Abnormal data
217,218,3029270,-96,352,96,-29.950233,-14.548682,-84.97496,91.26568047022393,377.27443592165105,0.5534444185540833,0.02272279791560626,Abnormal data,Abnormal data,Abnormal data
218,219,3029368,160,128,512,-29.374149,-14.229136,-81.508018,87.80014771666971,551.4780140676507,0.5319660512109884,0.0332148756327647,Abnormal data,Abnormal data,Abnormal data
219,220,3029465,160,-384,-416,-28.799379,-15.058537,-83.462296,89.56628060245454,588.3128419472075,0.542912030832362,0.03543339422419432,Abnormal data,Abnormal data,Abnormal data
220,221,3029563,352,0,-544,-27.642763,-15.024588,-86.155159,91.7200742103886,647.9506154021308,0.5562606192261591,0.03902530755127263,Abnormal data,Abnormal data,Abnormal data
221,222,3029660,-128,0,-352,-27.948967,-14.990781,-87.714729,93.27240725370227,374.550397143028,0.5658815294048093,0.022558732246725954,Abnormal data,Abnormal data,Abnormal data
222,223,3029758,224,64,-384,-27.181042,-14.813389,-89.451874,94.6566600931121,449.14140312378237,0.5744607272063808,0.02705126127557975,Abnormal data,Abnormal data,Abnormal data
223,224,3029856,32,-32,-384,-27.000307,-14.851959,-91.178879,96.24544269693277,386.6574711550263,0.5843075411942681,0.023287927150832992,Abnormal data,Abnormal data,Abnormal data
224,225,3029953,-128,160,-96,-27.308178,-14.460295,-91.207146,96.29942989775185,226.27416997969522,0.5846421382139698,0.013628228547767048,Abnormal data,Abnormal data,Abnormal data
225,226,3030050,800,288,-544,-24.788946,-13.781946,-93.846733,98.03898803083965,1009.3958589176003,0.59542341522219,0.06079473172626423,Abnormal data,Abnormal data,Abnormal data
226,227,3030148,-64,-864,-224,-24.909948,-15.696006,-94.607864,99.08338934633412,894.856413063012,0.6018963118020292,0.05389615489806951,Abnormal data,Abnormal data,Abnormal data
227,228,3030245,32,96,-544,-24.734732,-15.440858,-97.227379,101.50561703717499,553.3317269052986,0.6169085768222169,0.03332652258838346,Abnormal data,Abnormal data,Abnormal data
228,229,3030343,32,-192,-96,-24.560392,-15.844151,-97.2202,101.51855625522097,217.03455946000858,0.6169887703445661,0.013071737615258306,Abnormal data,Abnormal data,Abnormal data
229,230,3030440,160,-320,-32,-23.99436,-16.539757,-96.841064,101.13102664405591,359.1991091302984,0.6145869741600132,0.02163414212864553,Abnormal data,Abnormal data,Abnormal data
230,231,3030538,-352,96,96,-25.000942,-16.281406,-95.725082,100.26675723354637,377.27443592165105,0.609230482906746,0.02272279791560626,Abnormal data,Abnormal data,Abnormal data
231,232,3030635,-896,-224,-6816,-27.683111,-16.758228,-134.540268,138.37729782681163,6878.288159127967,0.8454285651977255,0.4142712491594048,Abnormal data,Abnormal data,Abnormal data
232,233,3030800,-1088,-288,-224,-41.068439,-13.326247,-136.735001,143.38990912707817,1147.5469489306308,0.8764952768728225,0.06911541025969854,Abnormal data,Abnormal data,Abnormal data
233,234,3031025,192,32,-96,-40.283325,-13.218225,-136.471497,142.90534363216534,217.03455946000858,0.8734920804116572,0.013071737615258306,Abnormal data,Abnormal data,Abnormal data
234,235,3031123,1888,288,-768,-33.779446,-12.501418,-140.533722,145.07606088962757,2058.47322061765,0.8869455566790371,0.12397943394313549,Abnormal data,Abnormal data,Abnormal data
235,236,3031220,704,-448,-32,-31.204052,-13.541525,-139.831345,143.90924502982202,835.0712544447929,0.879713970241728,0.050295364735026556,Abnormal data,Abnormal data,Abnormal data
236,237,3031318,384,-288,320,-29.738489,-14.201138,-136.868317,140.77992132016075,576.8882040742383,0.8603193290851473,0.03474530165038322,Abnormal data,Abnormal data,Abnormal data
237,238,3031415,-2368,6688,-2752,-38.030972,1.955795,-153.764587,158.41000025448955,7609.879893927367,0.969585447332311,0.45833416348320183,Abnormal data,Abnormal data,Abnormal data
238,239,3031513,-928,1248,-768,-41.322567,5.35298,-157.912506,163.31738575408906,1734.5062698070594,1.0,0.10446728349323604,Abnormal data,Abnormal data,Abnormal data
239,240,3031610,448,64,320,-39.487476,5.516402,-154.667709,159.72411107652113,554.2562584220408,0.9777299252444541,0.03338220604006027,Abnormal data,Abnormal data,Abnormal data
240,241,3031708,-544,128,-96,-41.390839,5.857156,-154.268311,159.83184791625536,567.0414446934192,0.9783976469440464,0.034152242852250346,Abnormal data,Abnormal data,Abnormal data
241,242,3031805,96,256,32,-40.869263,6.552828,-153.007355,158.50705630052175,275.27440854536405,0.9701869725689172,0.016579455592939583,Abnormal data,Abnormal data,Abnormal data
242,243,3031903,256,64,0,-39.743454,6.712946,-151.974716,157.22887801905122,263.8787600395303,0.9622651941262711,0.015893109014797416,Abnormal data,Abnormal data,Abnormal data
243,244,3032000,32,-288,0,-39.470806,5.89286,-150.95282,156.1391180685405,289.77232442039735,0.9555111778761413,0.017452648105496293,Abnormal data,Abnormal data,Abnormal data
244,245,3032098,-448,-320,-384,-41.019669,4.983212,-152.514084,158.01263071370454,671.237662828897,0.9671226661165848,0.04042785917509756,Abnormal data,Abnormal data,Abnormal data
245,246,3032195,-96,256,32,-41.229019,5.686454,-151.280502,156.90110914894288,275.27440854536405,0.9602337776900541,0.016579455592939583,Abnormal data,Abnormal data,Abnormal data
246,247,3032293,0,-64,-32,-41.072453,5.490793,-150.485428,156.08638391464277,71.55417527999327,0.9551843468779978,0.004309624268427269,Abnormal data,Abnormal data,Abnormal data
247,248,3032390,64,-96,0,-40.674629,5.206237,-149.486649,155.00899514943322,115.37764081484765,0.9485070036479385,0.006949060330076643,Abnormal data,Abnormal data,Abnormal data
248,249,3032488,32,64,64,-40.399933,5.370953,-148.07486,153.58113779547375,96.0,0.9396575577062061,0.005781967693011704,Abnormal data,Abnormal data,Abnormal data
249,250,3032585,0,32,-32,-40.247585,5.445435,-147.309067,152.80537320749536,45.254833995939045,0.9348495936852987,0.0027256457095534096,Abnormal data,Abnormal data,Abnormal data
250,251,3032683,32,-64,0,-39.975941,5.251633,-146.341339,151.79408093965685,71.55417527999327,0.9285818973844658,0.004309624268427269,Abnormal data,Abnormal data,Abnormal data
251,252,3032780,-32,128,224,-39.946022,5.593708,-143.917252,149.4628705265801,259.96922894835075,0.9141337310658072,0.01565764253079716,Abnormal data,Abnormal data,Abnormal data
252,253,3032878,0,64,-64,-39.796715,5.75642,-143.393723,148.9250640147868,90.50966799187809,0.9108005622166719,0.005451291419106819,Abnormal data,Abnormal data,Abnormal data
253,254,3032975,64,192,32,-39.409885,6.274429,-142.250412,147.74196157205648,204.89997559785115,0.9034680362599014,0.012340885825058979,Abnormal data,Abnormal data,Abnormal data
254,255,3033122,-128,0,96,-39.739498,6.256961,-140.702042,146.34015814265507,160.0,0.8947800649895058,0.009636612821686175,Abnormal data,Abnormal data,Abnormal data
255,256,3033268,32,32,-32,-39.473099,6.328438,-139.996841,145.59289186688656,55.42562584220407,0.8901487252459694,0.003338220604006027,Abnormal data,Abnormal data,Abnormal data
256,257,3033365,-64,-32,32,-39.563969,6.222257,-138.885803,144.54511544898992,78.38367176906169,0.8836549107598891,0.004720956852378628,Abnormal data,Abnormal data,Abnormal data
257,258,3033463,-32,0,128,-39.536034,6.205054,-137.167038,142.88595799897735,131.93938001976514,0.8733719338770838,0.007946554507398708,Abnormal data,Abnormal data,Abnormal data
258,259,3033560,0,-32,64,-39.390537,6.099705,-135.872971,141.59902914427852,71.55417527999327,0.8653959219183737,0.004309624268427269,Abnormal data,Abnormal data,Abnormal data
259,260,3033658,-128,-32,-32,-39.715687,5.994855,-135.20639,141.0462405638133,135.7645019878171,0.8619698985509353,0.008176937128660229,Abnormal data,Abnormal data,Abnormal data
260,261,3033755,-32,-32,-32,-39.687428,5.890501,-134.546951,140.4018232313334,55.42562584220407,0.8579759867418302,0.003338220604006027,Abnormal data,Abnormal data,Abnormal data
261,262,3033853,-32,-64,0,-39.65937,5.698927,-133.690964,139.56581692161419,71.55417527999327,0.8527946619937438,0.004309624268427269,Abnormal data,Abnormal data,Abnormal data
262,263,3033950,-32,0,0,-39.631512,5.683327,-132.843552,138.74568914806605,32.0,0.8477117478096329,0.001927322564337235,Abnormal data,Abnormal data,Abnormal data
263,264,3034048,0,-32,0,-39.487873,5.580443,-132.004593,137.89722996215707,32.0,0.8424532437450308,0.001927322564337235,Abnormal data,Abnormal data,Abnormal data
264,265,3034145,0,-64,0,-39.345161,5.390848,-131.173965,137.05368302273476,64.0,0.8372251843600851,0.00385464512867447,Abnormal data,Abnormal data,Abnormal data
265,266,3034243,96,0,0,-38.857388,5.376178,-130.351578,136.12616860530642,96.0,0.831476718888763,0.005781967693011704,Abnormal data,Abnormal data,Abnormal data
266,267,3034340,64,-32,-160,-38.463707,5.173766,-130.32251,135.97860575658476,175.27121840165316,0.8305621671310897,0.010556380440762054,Abnormal data,Abnormal data,Abnormal data
267,268,3034535,32,-32,128,-38.211254,5.073267,-128.726746,134.37415341520972,135.7645019878171,0.8206182366525221,0.008176937128660229,Abnormal data,Abnormal data,Abnormal data
268,269,3034633,-96,64,-32,-38.417847,5.232263,-128.129852,133.8677202232057,119.73303637676612,0.8174795105442657,0.007211380709548509,Abnormal data,Abnormal data,Abnormal data
269,270,3034730,0,64,0,-38.280834,5.390588,-127.342506,133.08115766359012,64.0,0.8126046238255,0.00385464512867447,Abnormal data,Abnormal data,Abnormal data
270,271,3034828,-96,-32,32,-38.486107,5.290007,-126.366859,132.20343285861142,106.1319932913728,0.8071647399380533,0.006392205795892213,Abnormal data,Abnormal data,Abnormal data
271,272,3034925,0,0,0,-38.349564,5.275805,-125.59539,131.4257401220941,0.0,0.802344825811475,0.0,Abnormal data,Abnormal data,Abnormal data
272,273,3035023,64,32,-32,-37.98745,5.347369,-125.026031,130.779008790928,78.38367176906169,0.7983365725093446,0.004720956852378628,Abnormal data,Abnormal data,Abnormal data
273,274,3035120,0,-32,96,-37.853249,5.247571,-123.687134,129.45621877063303,101.19288512538814,0.7901383034424783,0.006094729089142072,Abnormal data,Abnormal data,Abnormal data
274,275,3035267,0,0,32,-37.719894,5.233576,-122.745598,128.51716830640416,32.0,0.7843183408974046,0.001927322564337235,Abnormal data,Abnormal data,Abnormal data
275,276,3035364,0,0,64,-37.587376,5.219654,-121.619545,127.4023914549963,64.0,0.7774092771479536,0.00385464512867447,Abnormal data,Abnormal data,Abnormal data
276,277,3035559,64,64,-64,-37.231457,5.375622,-121.272903,126.9732086082617,110.85125168440814,0.7747493262846795,0.006676441208012054,Abnormal data,Abnormal data,Abnormal data
277,278,3035657,-64,0,32,-37.325104,5.36138,-120.355278,126.12414807075011,71.55417527999327,0.7694870952171773,0.004309624268427269,Abnormal data,Abnormal data,Abnormal data
278,279,3035754,-32,0,0,-37.30653,5.347211,-119.636833,125.43261799224837,32.0,0.7652011922662886,0.001927322564337235,Abnormal data,Abnormal data,Abnormal data
279,280,3035853,96,-64,-32,-36.843113,5.164405,-119.115555,124.7902299761196,119.73303637676612,0.7612198575716258,0.007211380709548509,Abnormal data,Abnormal data,Abnormal data
280,281,3035949,-32,-96,64,-36.82629,4.89806,-118.030914,123.73949768203804,119.73303637676612,0.7547077234218644,0.007211380709548509,Abnormal data,Abnormal data,Abnormal data
281,282,3036047,32,-32,0,-36.588028,4.800974,-117.333374,122.99940568352896,45.254833995939045,0.7501208477689477,0.0027256457095534096,Abnormal data,Abnormal data,Abnormal data
282,283,3036144,32,32,96,-36.351086,4.872405,-116.07708,121.73343946997399,106.1319932913728,0.7422747561829444,0.006392205795892213,Abnormal data,Abnormal data,Abnormal data
283,284,3036242,0,0,-64,-36.225769,4.859635,-115.770905,121.40356187729259,64.0,0.7402302704955417,0.00385464512867447,Abnormal data,Abnormal data,Abnormal data
284,285,3036339,32,-96,-96,-35.991207,4.595973,-115.655228,121.21312516747335,139.48476619330157,0.7390499989759859,0.008401004289551676,Abnormal data,Abnormal data,Abnormal data
285,286,3036437,0,0,0,-35.867725,4.583965,-114.982208,120.53387319899794,0.0,0.7348401921915967,0.0,Abnormal data,Abnormal data,Abnormal data
286,287,3036534,0,96,-32,-35.744999,4.822197,-114.501007,120.04765362734442,101.19288512538814,0.7318267442423121,0.006094729089142072,Abnormal data,Abnormal data,Abnormal data
287,288,3036632,-96,160,-96,-35.950615,5.226277,-114.394165,120.0241045632342,209.838032777664,0.731680793969868,0.012638299232141504,Abnormal data,Abnormal data,Abnormal data
288,289,3036729,0,-32,32,-35.828205,5.129293,-113.553299,119.18188467206446,45.254833995939045,0.7264609592452783,0.0027256457095534096,Abnormal data,Abnormal data,Abnormal data
289,290,3036827,-64,0,-96,-35.92387,5.115955,-113.452759,119.11433984223312,115.37764081484765,0.7260423359713368,0.006949060330076643,Abnormal data,Abnormal data,Abnormal data
290,291,3036924,-32,-96,0,-35.910583,4.853667,-112.806412,118.48381595416532,101.19288512538814,0.7221345317029664,0.006094729089142072,Abnormal data,Abnormal data,Abnormal data
291,292,3037022,-32,0,-64,-35.897385,4.841084,-112.529312,118.21549984383023,71.55417527999327,0.7204715862363749,0.004309624268427269,Abnormal data,Abnormal data,Abnormal data
292,293,3037119,0,-96,-64,-35.77663,4.580309,-112.255074,117.90737094617052,115.37764081484765,0.7185618926557354,0.006949060330076643,Abnormal data,Abnormal data,Abnormal data
293,294,3037217,32,-32,160,-35.549236,4.485767,-110.723732,116.37703860199318,166.27687752661222,0.7090773364322946,0.010014661812018082,Abnormal data,Abnormal data,Abnormal data
294,295,3037314,-64,-32,64,-35.644501,4.391644,-109.741173,115.46835947556225,96.0,0.7034456066341936,0.005781967693011704,Abnormal data,Abnormal data,Abnormal data
295,296,3037412,-32,96,64,-35.632332,4.627532,-108.766228,114.54767343563653,119.73303637676612,0.6977394614670752,0.007211380709548509,Abnormal data,Abnormal data,Abnormal data
296,297,3037509,-32,0,96,-35.620243,4.615625,-107.619652,113.45525638823783,101.19288512538814,0.6909689773007304,0.006094729089142072,Abnormal data,Abnormal data,Abnormal data
297,298,3037607,0,64,-32,-35.502075,4.768046,-107.196869,113.0234502896054,71.55417527999327,0.6882927682826785,0.004309624268427269,Abnormal data,Abnormal data,Abnormal data
298,299,3037704,96,-32,-96,-35.066963,4.673804,-107.134521,112.8243853418809,139.48476619330157,0.6870590214459256,0.008401004289551676,Abnormal data,Abnormal data,Abnormal data
299,300,3037802,-64,-32,64,-35.162632,4.579976,-106.186676,111.95086881867857,96.0,0.6816452192689412,0.005781967693011704,Abnormal data,Abnormal data,Abnormal data
300,301,3037899,-96,0,32,-35.363243,4.568279,-105.422935,111.28981693089945,101.19288512538814,0.6775482113084754,0.006094729089142072,Abnormal data,Abnormal data,Abnormal data
301,302,3037997,64,-32,-32,-35.036274,4.475121,-105.018257,110.79892376321065,78.38367176906169,0.6745057977658471,0.004720956852378628,Abnormal data,Abnormal data,Abnormal data
302,303,3038094,0,32,0,-34.921131,4.545114,-104.441772,110.21899650283585,32.0,0.6709115767278754,0.001927322564337235,Abnormal data,Abnormal data,Abnormal data
303,304,3038192,-32,0,32,-34.911556,4.533579,-103.695328,109.50840666322362,45.254833995939045,0.6665075469030787,0.0027256457095534096,Abnormal data,Abnormal data,Abnormal data
304,305,3038289,32,96,-96,-34.692932,4.765141,-103.653343,109.40896496440388,139.48476619330157,0.6658912360820999,0.008401004289551676,Abnormal data,Abnormal data,Abnormal data
305,306,3038387,32,0,-32,-34.475441,4.753086,-103.264481,108.97110119140413,45.254833995939045,0.6631774833544488,0.0027256457095534096,Abnormal data,Abnormal data,Abnormal data
306,307,3038484,0,0,0,-34.363232,4.74109,-102.706291,108.40614308631501,0.0,0.6596760368013559,0.0,Abnormal data,Abnormal data,Abnormal data
307,308,3038582,-32,0,64,-34.35556,4.729154,-101.808174,107.5526554469186,71.55417527999327,0.6543863678397954,0.004309624268427269,Abnormal data,Abnormal data,Abnormal data
308,309,3038679,-32,64,32,-34.347939,4.878015,-101.088776,106.87617403830528,78.38367176906169,0.6501937321822417,0.004720956852378628,Abnormal data,Abnormal data,Abnormal data
309,310,3038972,-64,-64,-32,-34.427937,4.841343,-99.987854,105.85977704324213,96.0,0.6438943982619391,0.005781967693011704,Abnormal data,Abnormal data,Abnormal data
310,311,3039069,-32,96,32,-34.420174,5.068837,-99.288513,105.20765324097869,106.1319932913728,0.6398527239872334,0.006392205795892213,Abnormal data,Abnormal data,Abnormal data
311,312,3039167,0,32,-64,-34.310474,5.136001,-99.102036,104.99905081343341,71.55417527999327,0.6385598666154819,0.004309624268427269,Abnormal data,Abnormal data,Abnormal data
312,313,3039264,-64,64,-96,-34.404861,5.282515,-99.085716,105.02180031016037,131.93938001976514,0.6387008614010805,0.007946554507398708,Abnormal data,Abnormal data,Abnormal data
313,314,3039362,-32,-64,160,-34.397236,5.110295,-97.729889,103.73242580494801,175.27121840165316,0.6307096920094855,0.010556380440762054,Abnormal data,Abnormal data,Abnormal data
314,315,3039459,-64,-64,32,-34.49081,4.938692,-97.051048,103.11601510446991,96.0,0.6268893571863605,0.005781967693011704,Abnormal data,Abnormal data,Abnormal data
315,316,3039557,32,0,64,-34.28117,4.926443,-96.210533,102.25426698845011,71.55417527999327,0.6215484921854135,0.004309624268427269,Abnormal data,Abnormal data,Abnormal data
316,317,3039654,32,0,160,-34.072571,4.914253,-94.876068,100.92848089731002,163.1686244349691,0.6133316543400149,0.009827455364543245,Abnormal data,Abnormal data,Abnormal data
317,318,3039752,-32,0,0,-34.066059,4.902122,-94.381966,100.46134919420265,32.0,0.610436507466376,0.001927322564337235,Abnormal data,Abnormal data,Abnormal data
318,319,3039849,32,-96,64,-33.859158,4.65363,-93.559853,99.60695229765578,119.73303637676612,0.605141203192592,0.007211380709548509,Abnormal data,Abnormal data,Abnormal data
319,320,3039947,0,32,32,-33.753311,4.720946,-92.909431,98.96330483235388,45.254833995939045,0.6011520627970705,0.0027256457095534096,Abnormal data,Abnormal data,Abnormal data
320,321,3040044,32,0,0,-33.548264,4.709347,-92.429428,98.44218164479742,32.0,0.5979222923550329,0.001927322564337235,Abnormal data,Abnormal data,Abnormal data
321,322,3040142,128,0,96,-33.045391,4.697803,-91.459152,97.35935344859678,160.0,0.5912112371085905,0.009636612821686175,Abnormal data,Abnormal data,Abnormal data
322,323,3040239,32,-128,0,-32.842896,4.373313,-90.988861,96.83364348376088,131.93938001976514,0.5879530391506891,0.007946554507398708,Abnormal data,Abnormal data,Abnormal data
323,324,3040337,0,32,96,-32.740833,4.440883,-90.030525,95.90192395947645,101.19288512538814,0.5821785116461399,0.006094729089142072,Abnormal data,Abnormal data,Abnormal data
324,325,3040434,128,32,0,-32.242546,4.508161,-89.569756,95.30291956736463,131.93938001976514,0.5784660560761529,0.007946554507398708,Abnormal data,Abnormal data,Abnormal data
325,326,3040532,32,0,32,-32.043377,4.497176,-88.949631,94.65220259759022,45.254833995939045,0.5744331009413712,0.0027256457095534096,Abnormal data,Abnormal data,Abnormal data
326,327,3040629,0,-32,-128,-31.944214,4.408455,-89.148293,94.80129444463651,131.93938001976514,0.5753571289874015,0.007946554507398708,Abnormal data,Abnormal data,Abnormal data
327,328,3040727,0,32,0,-31.8456,4.475414,-88.696701,94.34657565653774,32.0,0.5725389137624622,0.001927322564337235,Abnormal data,Abnormal data,Abnormal data
328,329,3040824,0,-32,-64,-31.747532,4.387062,-88.572006,94.192103426704,71.55417527999327,0.5715815396636967,0.004309624268427269,Abnormal data,Abnormal data,Abnormal data
329,330,3040922,-64,0,-96,-31.846611,4.376453,-88.609337,94.26014309678348,115.37764081484765,0.5720032298140413,0.006949060330076643,Abnormal data,Abnormal data,Abnormal data
330,331,3041019,-64,-64,-96,-31.945147,4.211495,-88.646301,94.32070710066392,131.93938001976514,0.5723785879524916,0.007946554507398708,Abnormal data,Abnormal data,Abnormal data
331,332,3041117,0,0,-160,-31.847485,4.201345,-89.001465,94.62121523622741,160.0,0.5742410502589297,0.009636612821686175,Abnormal data,Abnormal data,Abnormal data
332,333,3041214,0,-32,-64,-31.750357,4.114303,-88.877457,94.46806350079433,71.55417527999327,0.5732918602016461,0.004309624268427269,Abnormal data,Abnormal data,Abnormal data
333,334,3041312,-64,-96,0,-31.848475,3.873993,-88.438591,94.07825232036868,115.37764081484765,0.5708759235122465,0.006949060330076643,Abnormal data,Abnormal data,Abnormal data
334,335,3041409,32,0,32,-31.654684,3.864698,-87.845757,93.4549727551943,45.254833995939045,0.5670130174570289,0.0027256457095534096,Abnormal data,Abnormal data,Abnormal data
335,336,3041507,-64,-32,-32,-31.752686,3.778844,-87.571556,93.22708914501229,78.38367176906169,0.5656006609049402,0.004720956852378628,Abnormal data,Abnormal data,Abnormal data
336,337,3041604,64,32,0,-31.463261,3.846287,-87.143211,92.72901347383682,71.55417527999327,0.5625137322879206,0.004309624268427269,Abnormal data,Abnormal data,Abnormal data
337,338,3041702,32,0,32,-31.271646,3.837112,-86.562263,92.11766740278995,45.254833995939045,0.5587247865697664,0.0027256457095534096,Abnormal data,Abnormal data,Abnormal data
338,339,3041799,0,32,-64,-31.177393,3.904139,-86.452522,91.9853830549629,71.55417527999327,0.5579049265313762,0.004309624268427269,Abnormal data,Abnormal data,Abnormal data
339,340,3041897,0,-32,-32,-31.083649,3.818843,-86.188835,91.70219231660208,45.254833995939045,0.5561497924324595,0.0027256457095534096,Abnormal data,Abnormal data,Abnormal data
340,341,3041994,-32,-64,0,-31.086397,3.657995,-85.773026,91.30584315945124,71.55417527999327,0.553693335258687,0.004309624268427269,Abnormal data,Abnormal data,Abnormal data
341,342,3042092,-64,-32,0,-31.184834,3.57351,-85.360497,90.94876741009008,71.55417527999327,0.5514802832809719,0.004309624268427269,Abnormal data,Abnormal data,Abnormal data
342,343,3042189,-32,-64,32,-31.187265,3.413672,-84.797791,90.41550759235658,78.38367176906169,0.5481752935235253,0.004720956852378628,Abnormal data,Abnormal data,Abnormal data
343,344,3042287,32,64,0,-30.999285,3.556838,-84.392212,89.97584238740093,71.55417527999327,0.5454503760428495,0.004309624268427269,Abnormal data,Abnormal data,Abnormal data
344,345,3042384,-64,-32,128,-31.097292,3.472914,-83.379486,89.05751729645766,146.64242223858687,0.5397588633530814,0.008832101539671774,Abnormal data,Abnormal data,Abnormal data
345,346,3042482,32,32,96,-30.910334,3.540134,-82.524628,88.19464566099178,106.1319932913728,0.5344110351043178,0.006392205795892213,Abnormal data,Abnormal data,Abnormal data
346,347,3042579,-96,-32,-160,-31.102869,3.456537,-82.89341,88.60391373687524,189.31455305918772,0.5369475599911799,0.011402194058387225,Abnormal data,Abnormal data,Abnormal data
347,348,3042677,-96,-64,-32,-31.294518,3.298127,-82.651932,88.43961986515477,119.73303637676612,0.5359293142033101,0.007211380709548509,Abnormal data,Abnormal data,Abnormal data
348,349,3042774,160,-96,32,-30.730541,3.065175,-82.109962,87.7257505386802,189.31455305918772,0.5315049590696691,0.011402194058387225,Abnormal data,Abnormal data,Abnormal data
349,350,3042800,128,64,96,-30.078402,3.051023,-80.736549,86.21142240242608,172.32527382830412,0.5221195922872912,0.010378949645465102,Abnormal data,Abnormal data,Abnormal data
350,351,3043067,0,-32,0,-29.989779,2.968999,-80.357201,85.82238374739566,32.0,0.5197084434863349,0.001927322564337235,Abnormal data,Abnormal data,Abnormal data
351,352,3043164,64,32,64,-29.713495,3.036824,-79.681007,85.0951053918852,96.0,0.5152009830780283,0.005781967693011704,Abnormal data,Abnormal data,Abnormal data
352,353,3043262,0,32,-64,-29.626245,3.104373,-79.607689,84.99844511780127,71.55417527999327,0.5146019107212226,0.004309624268427269,Abnormal data,Abnormal data,Abnormal data
353,354,3043359,0,-32,32,-29.539455,3.022645,-79.088104,84.47865990182294,45.254833995939045,0.5113804326391462,0.0027256457095534096,Abnormal data,Abnormal data,Abnormal data
354,355,3043506,-32,32,32,-29.546646,3.089998,-78.572197,84.00084832247904,55.42562584220407,0.5084190949887064,0.003338220604006027,Abnormal data,Abnormal data,Abnormal data
355,356,3043603,0,32,-64,-29.460539,3.157079,-78.504684,83.90992739791054,71.55417527999327,0.5078555934563509,0.004309624268427269,Abnormal data,Abnormal data,Abnormal data
356,357,3043701,0,32,96,-29.37488,3.223887,-77.699715,83.12955391125585,101.19288512538814,0.503019064817575,0.006094729089142072,Abnormal data,Abnormal data,Abnormal data
357,358,3043798,-64,-32,64,-29.475321,3.142441,-77.046814,82.55229270615152,96.0,0.4994413672172759,0.005781967693011704,Abnormal data,Abnormal data,Abnormal data
358,359,3043944,0,0,0,-29.390007,3.135186,-76.692444,82.19083202771328,0.0,0.4972011387203389,0.0,Abnormal data,Abnormal data,Abnormal data
359,360,3044042,-128,32,32,-29.67477,3.201673,-76.194046,81.83138352980441,135.7645019878171,0.49497338113498857,0.008176937128660229,Abnormal data,Abnormal data,Abnormal data
360,361,3044188,-32,64,64,-29.681479,3.341472,-75.55275,81.24268375254923,96.0,0.4913247905805587,0.005781967693011704,Abnormal data,Abnormal data,Abnormal data
361,362,3044286,-64,-32,64,-29.78021,3.260296,-74.91552,80.68349009879354,96.0,0.4878590704257069,0.005781967693011704,Abnormal data,Abnormal data,Abnormal data
362,363,3044383,0,-64,0,-29.694721,3.106051,-74.574043,80.32877378280023,64.0,0.48566064153200217,0.00385464512867447,Abnormal data,Abnormal data,Abnormal data
363,364,3044481,-32,32,64,-29.701324,3.172249,-73.944336,79.7495870682217,78.38367176906169,0.48207101018219034,0.004720956852378628,Abnormal data,Abnormal data,Abnormal data
364,365,3044578,-96,-96,96,-29.89068,2.945426,-73.173447,79.09792431565879,166.27687752661222,0.4780321933598695,0.010014661812018082,Abnormal data,Abnormal data,Abnormal data
365,366,3044676,0,-32,64,-29.805441,2.865525,-72.551926,78.48794501730556,71.55417527999327,0.4742517185026409,0.004309624268427269,Abnormal data,Abnormal data,Abnormal data
366,367,3044773,96,-96,32,-29.447485,2.639832,-72.079056,77.90708183255605,139.48476619330157,0.47065169687672065,0.008401004289551676,Abnormal data,Abnormal data,Abnormal data
367,368,3044871,32,-32,-32,-29.272705,2.560779,-71.898224,77.67112372985241,55.42562584220407,0.4691892969607912,0.003338220604006027,Abnormal data,Abnormal data,Abnormal data
368,369,3044968,-64,-128,32,-29.371323,2.263296,-71.43119,77.26714714786644,146.64242223858687,0.4666855672190931,0.008832101539671774,Abnormal data,Abnormal data,Abnormal data
369,370,3045066,64,96,64,-29.106737,2.476945,-70.823875,76.61173973573383,131.93938001976514,0.4626235420823421,0.007946554507398708,Abnormal data,Abnormal data,Abnormal data
370,371,3045163,64,64,32,-28.843157,2.617114,-70.363602,76.09082387403917,96.0,0.4593950565858919,0.005781967693011704,Abnormal data,Abnormal data,Abnormal data
371,372,3045261,-96,0,96,-29.033091,2.611158,-69.620712,75.47703000583813,135.7645019878171,0.45559094013059637,0.008176937128660229,Abnormal data,Abnormal data,Abnormal data
372,373,3050745,128,32,0,-0.522131,0.726184,-2.036151,2.223932300637319,131.93938001976514,0.0015894767428070275,0.007946554507398708,Normal data,Normal data,Normal data
373,374,3050844,64,-32,-64,-0.440591,0.691136,-2.163121,2.3131973241420627,96.0,0.0021427154804177337,0.005781967693011704,Normal data,Normal data,Normal data
374,375,3050942,128,0,32,-0.278271,0.690396,-2.093174,2.22158924658295,131.93938001976514,0.0015749551730331287,0.007946554507398708,Normal data,Normal data,Normal data
375,376,3051039,-32,96,32,-0.318412,0.792318,-2.023465,2.196261510178831,106.1319932913728,0.0014179812053512983,0.006392205795892213,Normal data,Normal data,Normal data
376,377,3051137,-64,0,-96,-0.398945,0.79147,-2.215352,2.3860776093473994,115.37764081484765,0.0025944063600103,0.006949060330076643,Normal data,Normal data,Normal data
377,378,3051234,-32,32,32,-0.438909,0.824837,-2.145501,2.3401221608819913,55.42562584220407,0.0023095878129789963,0.003338220604006027,Normal data,Normal data,Normal data
378,379,3051332,32,0,-64,-0.397912,0.823955,-2.271607,2.4489659377414785,71.55417527999327,0.0029841699879707964,0.004309624268427269,Normal data,Normal data,Normal data
379,380,3051429,0,-96,-32,-0.397409,0.720591,-2.332167,2.473092844688812,101.19288512538814,0.0031337015628018325,0.006094729089142072,Normal data,Normal data,Normal data
380,381,3051527,-64,64,-32,-0.477642,0.788203,-2.392517,2.5638922451347286,96.0,0.003696449923875623,0.005781967693011704,Normal data,Normal data,Normal data
381,382,3051624,-32,0,32,-0.517407,0.787361,-2.322657,2.506468209975742,45.254833995939045,0.0033405524012789668,0.0027256457095534096,Normal data,Normal data,Normal data
382,383,3051722,-32,64,-32,-0.557097,0.854844,-2.382858,2.592128002223077,78.38367176906169,0.0038714469607185062,0.004720956852378628,Normal data,Normal data,Normal data
383,384,3051917,96,-64,-32,-0.435445,0.785594,-2.442851,2.6027468737973734,119.73303637676612,0.003937259648308307,0.007211380709548509,Normal data,Normal data,Normal data
384,385,3052014,0,32,32,-0.434896,0.818931,-2.373183,2.5478971849480114,45.254833995939045,0.0035973171778316314,0.0027256457095534096,Normal data,Normal data,Normal data
385,386,3052112,64,0,-96,-0.353763,0.818057,-2.562312,2.7128966623817425,115.37764081484765,0.004619936105356058,0.006949060330076643,Normal data,Normal data,Normal data
386,387,3052258,64,0,-32,-0.272729,0.817185,-2.621768,2.759681118805214,71.55417527999327,0.0049098926033807186,0.004309624268427269,Normal data,Normal data,Normal data
387,388,3052356,0,32,0,-0.272386,0.850404,-2.61648,2.7646606820027664,32.0,0.00494075449249589,0.001927322564337235,Normal data,Normal data,Normal data
388,389,3052453,96,96,0,-0.151309,0.951721,-2.611213,2.783361386290145,135.7645019878171,0.005056656036305271,0.008176937128660229,Normal data,Normal data,Normal data
389,390,3052648,0,0,0,-0.151118,0.950707,-2.605968,2.7780838120540925,0.0,0.005023947161167347,0.0,Normal data,Normal data,Normal data
390,391,3052746,96,-64,-64,-0.030265,0.88156,-2.729064,2.86807501992556,131.93938001976514,0.00558168657896101,0.007946554507398708,Normal data,Normal data,Normal data
391,392,3052843,0,0,32,-0.030227,0.880622,-2.659486,2.801655682379439,32.0,0.005170038779921303,0.001927322564337235,Normal data,Normal data,Normal data
392,393,3052900,64,-64,0,0.050142,0.878663,-2.904446,3.0348590502112285,90.50966799187809,0.006615365647717046,0.005451291419106819,Normal data,Normal data,Normal data
393,394,3053136,-64,32,64,-0.030216,0.911782,-2.770773,2.9170948629945173,96.0,0.005885497355372262,0.005781967693011704,Normal data,Normal data,Normal data
394,395,3053282,0,-64,0,-0.030179,0.842734,-2.765241,2.890963361040399,64.0,0.005723541881824442,0.00385464512867447,Normal data,Normal data,Normal data
395,396,3053428,-64,0,128,-0.110337,0.841838,-2.504657,2.6446497233966544,143.10835055998655,0.004196961362422184,0.008619248536854538,Normal data,Normal data,Normal data
396,397,3053526,0,-64,-32,-0.110199,0.77292,-2.56347,2.679725281983398,71.55417527999327,0.0044143495060828325,0.004309624268427269,Normal data,Normal data,Normal data
397,398,3053672,64,32,-32,-0.029963,0.806118,-2.622084,2.7433644516084623,78.38367176906169,0.004808766630322914,0.004720956852378628,Normal data,Normal data,Normal data
398,399,3053769,128,96,160,0.130277,0.907274,-2.298725,2.4747231831924155,226.27416997969522,0.003143805928209452,0.013628228547767048,Normal data,Normal data,Normal data
399,400,3053867,64,64,32,0.210319,0.974375,-2.23044,2.4430520493812655,96.0,0.0029475174223597984,0.005781967693011704,Normal data,Normal data,Normal data
400,401,3053964,0,-32,-64,0.210055,0.939299,-2.353257,2.542483868675473,71.55417527999327,0.0035637670129034004,0.004309624268427269,Normal data,Normal data,Normal data
401,402,3054062,-64,0,128,0.129685,0.9383,-2.09427,2.2985195065791806,143.10835055998655,0.002051746622285549,0.008619248536854538,Normal data,Normal data,Normal data
402,403,3054159,0,32,0,0.129523,0.971294,-2.090106,2.3084044994759907,32.0,0.0021130109425848815,0.001927322564337235,Normal data,Normal data,Normal data
403,404,3054257,-32,0,-64,0.089356,0.970262,-2.212946,2.417958403756359,71.55417527999327,0.0027919942814642385,0.004309624268427269,Normal data,Normal data,Normal data
404,405,3054354,32,64,96,0.129225,1.037113,-2.018221,2.2727777014558637,119.73303637676612,0.001892206376721307,0.007211380709548509,Normal data,Normal data,Normal data
405,406,3054452,32,-32,-96,0.16902,1.002066,-2.204553,2.4275003519186154,106.1319932913728,0.002851132509948018,0.006392205795892213,Normal data,Normal data,Normal data
406,407,3054549,0,-32,-32,0.168809,0.967071,-2.26362,2.4673261442140153,45.254833995939045,0.0030979612250346435,0.0027256457095534096,Normal data,Normal data,Normal data
407,408,3054647,-64,0,96,0.088834,0.966045,-2.069089,2.2852272778658143,115.37764081484765,0.001969365242158261,0.006949060330076643,Normal data,Normal data,Normal data
408,409,3054744,-192,-32,128,-0.150577,0.931138,-1.811598,2.042444300728174,232.96351645697658,0.00046466673302876694,0.014031120060464992,Normal data,Normal data,Normal data
409,410,3054842,608,-640,-32,0.609357,0.252741,-1.871397,1.9842683029618249,883.3391194779047,0.00010410876418682809,0.053202481779110945,Normal data,Normal data,Normal data
410,411,3054939,256,-640,96,0.931962,-0.43289,-1.677794,1.9674703626687748,695.9540214698095,0.0,0.04191649654125013,Normal data,Normal data,Normal data
411,412,3055037,-288,-64,-544,0.565589,-0.501759,-2.750558,2.8525816942492637,618.8505473860389,0.005485663437958977,0.03727264449779881,Normal data,Normal data,Normal data
412,413,3055134,544,608,-160,1.257777,0.157622,-3.064358,3.3161932435817127,831.3843876330611,0.008358993418999063,0.05007330906009041,Normal data,Normal data,Normal data
413,414,3055232,736,192,448,2.202594,0.367805,-2.163206,3.1090450375150565,882.7593103445582,0.0070751488903909535,0.05316756055330759,Normal data,Normal data,Normal data
414,415,3055329,512,96,320,2.866917,0.472866,-1.515077,3.2769305233364348,611.3591415853696,0.008115654461243614,0.03682144589035391,Normal data,Normal data,Normal data
415,416,3055427,64,256,448,2.947287,0.753815,-0.606754,3.102078034336016,519.9384578967015,0.007031969424432517,0.03131528506159432,Normal data,Normal data,Normal data
416,417,3055524,96,192,256,3.069609,0.964929,-0.084638,3.2188120446782844,334.0898082851376,0.007755452979159412,0.020121838313220206,Normal data,Normal data,Normal data
417,418,3055622,-64,32,-32,2.981395,0.999282,-0.149776,3.1479697444106733,78.38367176906169,0.007316392939395808,0.004720956852378628,Normal data,Normal data,Normal data
418,419,3055719,3680,288,928,7.817746,1.316803,1.741886,8.116975391013638,3806.1171815907087,0.038112849414433964,0.22923798520598168,Normal data,Normal data,Normal data
419,420,3055817,-96,-1952,-3168,7.67136,-0.854226,-4.824655,9.102568987802345,3722.3304528211893,0.04422127280218565,0.22419160855130985,Normal data,Normal data,Normal data
420,421,3055915,2176,-480,-928,10.730788,-1.406943,-6.853907,12.81036068465061,2413.826837202702,0.06720109084456576,0.1453819665544859,Normal data,Normal data,Normal data
421,422,3056013,448,96,192,11.373568,-1.293635,-6.409726,13.119303638491068,496.7735902803208,0.06911582970941729,0.029920092184815082,Normal data,Normal data,Normal data
422,423,3056109,256,32,-160,11.735773,-1.254876,-6.753395,13.598214063211758,303.5786553761644,0.07208397768494548,0.018284187267426217,Normal data,Normal data,Normal data
423,424,3056207,-32,-32,0,11.670795,-1.29065,-6.738271,13.53800315496957,45.254833995939045,0.07171080793089807,0.0027256457095534096,Normal data,Normal data,Normal data
424,425,3056304,0,-192,-160,11.653467,-1.512433,-7.080768,13.719621793963636,249.92798962901293,0.07283642760385219,0.01505287043348247,Normal data,Normal data,Normal data
425,426,3056402,0,160,-288,11.636186,-1.324107,-7.709058,14.020829476939266,329.460164511584,0.07470322550235078,0.01984300028479479,Normal data,Normal data,Normal data
426,427,3056499,-512,-416,-192,10.860646,-1.808619,-8.122621,13.682167450156353,687.0691377146844,0.07260429643900825,0.0413813703867887,Normal data,Normal data,Normal data
427,428,3056597,-320,608,-320,10.366228,-1.091048,-8.823497,13.656616271803825,757.9340340689287,0.07244593764290634,0.045649480191881024,Normal data,Normal data,Normal data
428,429,3056743,-288,32,128,9.918092,-1.051682,-8.514796,13.113974792991026,316.7838379715733,0.06908280306984878,0.019079519966873865,Normal data,Normal data,Normal data
429,430,3056841,-416,160,128,9.27553,-0.860188,-8.206646,12.414685608003127,463.724055878062,0.06474881142633607,0.027929557391242803,Normal data,Normal data,Normal data
430,431,3056938,-32,0,256,9.212825,-0.859163,-7.609984,11.980240482621792,257.9922479455536,0.06205624648555248,0.0155385712777985,Normal data,Normal data,Normal data
431,432,3057036,96,32,64,9.34458,-0.82006,-7.44778,11.97760830501649,119.73303637676612,0.06203993301182728,0.007211380709548509,Normal data,Normal data,Normal data
432,433,3057133,64,160,160,9.427572,-0.628781,-7.06881,11.800108227353043,235.1510153071851,0.06093983898802288,0.014162870557135887,Normal data,Normal data,Normal data
433,434,3057279,256,32,-320,9.801824,-0.589894,-7.777802,12.526688812667775,411.04744251728414,0.06544297481894112,0.02475690659302107,Normal data,Normal data,Normal data
434,435,3057377,-64,-64,192,9.689425,-0.665425,-7.323379,12.163865637160375,212.2639865827456,0.06319430196015949,0.012784411591784426,Normal data,Normal data,Normal data
435,436,3057523,-160,-160,32,9.513701,-0.816264,-7.508107,12.146952883688401,228.5257097133712,0.06308948161717422,0.013763836151930036,Normal data,Normal data,Normal data
436,437,3057718,-32,0,0,9.45039,-0.81529,-7.491023,12.086769399749835,32.0,0.06271648183101029,0.001927322564337235,Normal data,Normal data,Normal data
437,438,3057816,64,-96,-160,9.533525,-0.92871,-7.837312,12.376350858595961,197.26124809500723,0.06451122376281501,0.011880814203838526,Normal data,Normal data,Normal data
438,439,3057913,-160,-96,-288,9.275265,-1.042075,-8.473944,12.606513714781972,343.16176943243545,0.06593770642087937,0.020668231920157012,Normal data,Normal data,Normal data
439,440,3058012,192,0,-128,9.554136,-1.040831,-8.746449,12.994814888510648,230.7552816296953,0.06834428452652443,0.013898120660153286,Normal data,Normal data,Normal data
440,441,3058108,448,-32,384,10.224705,-1.07773,-7.850938,12.936124681285698,590.9179300038204,0.06798053963652823,0.03559029563024418,Normal data,Normal data,Normal data
441,442,3058206,-1056,-384,160,8.582233,-1.53386,-7.466094,11.47824069196691,1134.9854624619647,0.058944997313607916,0.06835884662492739,Normal data,Normal data,Normal data
442,443,3058303,352,-1312,224,9.121686,-3.104934,-6.934837,11.871719961468136,1376.743984915133,0.061383667755713085,0.08291967960757805,Normal data,Normal data,Normal data
443,444,3058401,-544,-320,224,8.248238,-3.494326,-6.40357,11.011332936743853,669.7103851666031,0.05605123840403316,0.04033587302820546,Normal data,Normal data,Normal data
444,445,3058547,288,-704,-384,8.694176,-4.359476,-7.274232,12.145294500479435,852.0657251644383,0.06307920343881296,0.05131892182524346,Normal data,Normal data,Normal data
445,446,3058645,320,64,128,9.19239,-4.273974,-6.96069,12.29707660140718,350.5424368033063,0.06401990489849167,0.02111276088152411,Normal data,Normal data,Normal data
446,447,3058742,32,-96,-288,9.22906,-4.388715,-7.612339,12.743000937210434,305.2605444534226,0.06678361465762903,0.018385485478967217,Normal data,Normal data,Normal data
447,448,3058888,32,-96,-160,9.265629,-4.50338,-7.966841,13.023166577653916,189.31455305918772,0.06852000007663482,0.011402194058387225,Normal data,Normal data,Normal data
448,449,3058986,288,-1024,-192,9.712742,-5.780162,-8.395267,14.079351473207032,1080.9181282594902,0.075065927869599,0.06510243433736515,Normal data,Normal data,Normal data
449,450,3059083,192,0,-384,10.006302,-5.772785,-9.270839,14.812143063559372,429.32505167995964,0.07960755770916013,0.025857745610563615,Normal data,Normal data,Normal data
450,451,3059181,320,352,-448,10.506536,-5.3167,-10.298829,15.643544239734709,653.4584914131884,0.0847603411745771,0.03935704047995023,Normal data,Normal data,Normal data
451,452,3059278,64,416,-320,10.593252,-4.77646,-11.029134,16.02102852057445,528.7267725394657,0.08709987931393093,0.031844594971391034,Normal data,Normal data,Normal data
452,453,3059376,128,128,-352,10.783471,-4.604992,-11.836241,16.660906312022345,395.8181400592954,0.09106565636373978,0.023839663522196124,Normal data,Normal data,Normal data
453,454,3059473,352,64,-672,11.336699,-4.516275,-13.40582,18.128251266038486,761.3041442157004,0.10015983500310564,0.04585245798344899,Normal data,Normal data,Normal data
454,455,3059571,160,0,-352,11.578981,-4.510434,-14.219517,18.88415948831205,386.6574711550263,0.10484473502576633,0.023287927150832992,Normal data,Normal data,Normal data
455,456,3059668,-480,-192,-256,10.776764,-4.752614,-14.803078,18.917111312744765,576.8882040742383,0.1050489608808142,0.03474530165038322,Normal data,Normal data,Normal data
456,457,3059766,384,256,-192,11.390811,-4.414975,-15.231788,19.525622785593548,499.85597925802585,0.10882033858109119,0.03010574086696494,Normal data,Normal data,Normal data
457,458,3059863,-256,224,-160,10.948335,-4.118052,-15.58243,19.48426329764174,375.91488398306336,0.10856400446494695,0.02264091369283662,Normal data,Normal data,Normal data
458,459,3059961,352,-192,-96,11.51478,-4.363081,-15.7773,20.01374101838437,412.29115925520404,0.11184555388167992,0.02483181419716597,Normal data,Normal data,Normal data
459,460,3060058,192,-160,-32,11.816085,-4.566553,-15.816579,20.26419113343227,251.96825196837796,0.11339777108886179,0.015175753047352022,Normal data,Normal data,Normal data
460,461,3060156,-448,-224,192,11.046978,-4.853945,-15.314458,19.496900492880222,536.4177476556868,0.10864232613749215,0.03230781340524256,Normal data,Normal data,Normal data
461,462,3060253,-256,64,-64,10.596956,-4.76349,-15.432294,19.316884105581625,271.5290039756342,0.10752663675605124,0.016353874257320457,Normal data,Normal data,Normal data
462,463,3060351,224,-192,-256,10.957888,-5.009482,-16.01371,20.04018780583076,390.60977970347847,0.1120094634033071,0.023525970071040955,Normal data,Normal data,Normal data
463,464,3060448,-256,128,96,10.50522,-4.834311,-15.742347,19.53334838581266,301.8873962258113,0.1088682196115855,0.018182324707344422,Normal data,Normal data,Normal data
464,465,3060546,192,-224,320,10.814089,-5.123335,-14.929132,19.13300981799701,435.2470562795342,0.106387037227049,0.02621442101965327,Normal data,Normal data,Normal data
465,466,3060643,0,-224,1280,10.79565,-5.41286,-11.779255,16.86997215934647,1299.452192271805,0.09236138587693445,0.07826448535759177,Normal data,Normal data,Normal data
466,467,3060741,0,256,-320,10.77727,-5.066016,-12.546495,17.298225445119538,409.7999511957023,0.0950155755908501,0.024681771650117958,Normal data,Normal data,Normal data
467,468,3061033,-512,64,192,9.048467,-5.732539,-12.243868,16.268038051284304,550.5488170907281,0.08863077277681643,0.033158911185879165,Normal data,Normal data,Normal data
468,469,3061131,-96,-448,64,8.866875,-6.327578,-12.053241,16.24624061793343,462.61863343363075,0.08849567860401818,0.027862979090609138,Normal data,Normal data,Normal data
469,470,3061228,384,-32,256,9.515586,-6.362377,-11.383702,16.143571142666328,462.61863343363075,0.08785936296035617,0.027862979090609138,Normal data,Normal data,Normal data
470,471,3061326,704,-96,-352,10.723452,-6.483777,-12.236906,17.51495519363007,792.9287483752875,0.09635880374182101,0.04775717089548041,Normal data,Normal data,Normal data
471,472,3061521,64,544,-480,11.192231,-5.598719,-14.109076,18.859419788850822,728.3076273114267,0.10469140554058369,0.043865116371757065,Normal data,Normal data,Normal data
472,473,3061618,96,160,-448,11.341783,-5.372027,-15.211243,19.71995510423051,485.30402841929924,0.11002475395475612,0.029229293891758566,Normal data,Normal data,Normal data
473,474,3061716,-256,-672,-384,10.870379,-6.286355,-16.153751,20.46037805515008,815.2153089828478,0.11461368075476945,0.04909946436861854,Normal data,Normal data,Normal data
474,475,3061813,64,-416,-384,10.964397,-6.855009,-17.098354,21.437417276178724,569.7438020724754,0.12066908660148734,0.03431500267579904,Normal data,Normal data,Normal data
475,476,3061960,-416,-352,160,10.209381,-7.337296,-16.641415,20.856751093998366,567.9436591775632,0.11707028594037937,0.034206582175161676,Normal data,Normal data,Normal data
476,477,3062057,128,-32,-704,10.419079,-7.371948,-18.416584,22.40699423733583,716.2569371391805,0.1266782435248424,0.04313931740035685,Normal data,Normal data,Normal data
477,478,3062155,320,352,160,10.970529,-6.867485,-17.950691,22.130118936475398,501.9003885234599,0.12496225067669768,0.03022887324534029,Normal data,Normal data,Normal data
478,479,3062252,128,-192,-352,11.179906,-7.12886,-18.823807,23.02491374667199,420.89428601490897,0.1305079295078635,0.025349970457410748,Normal data,Normal data,Normal data
479,480,3062350,8960,608,-480,27.198978,-6.258421,-20.034067,34.355728462924695,8993.42337488901,0.20073303429806538,0.5416633687831723,Abnormal data,Abnormal data,Normal data
480,481,3062447,-12192,-2560,10976,1.465183,-9.911322,9.011939,13.475760073216426,16603.344241447263,0.07132504335456007,1.0,Normal data,Normal data,Normal data
481,482,3062545,-6912,-1248,7872,-16.605503,-11.769956,34.268387,39.85720689795904,10549.958862479038,0.23482960275109652,0.6354116802651699,Abnormal data,Abnormal data,Normal data
482,483,3062642,768,-256,1984,-14.278028,-12.145099,41.489082,45.527018774474016,2142.8056374762505,0.2699694530742933,0.12905867675303156,Abnormal data,Abnormal data,Normal data
483,484,3062886,256,-128,96,-13.466133,-12.323648,41.698029,45.51850898795384,301.8873962258113,0.26991671188444183,0.018182324707344422,Abnormal data,Abnormal data,Normal data
484,485,3062983,2048,352,-544,-7.258915,-11.76174,39.459137,41.80973412483741,2148.0558651953165,0.24693080046255314,0.12937489182649609,Abnormal data,Abnormal data,Normal data
485,486,3063178,448,96,-1248,-5.836042,-11.594584,34.499222,36.86041349420953,1329.4449969818234,0.21625634600981122,0.08007091689775984,Abnormal data,Abnormal data,Normal data
486,487,3063276,-192,384,-288,-6.421333,-10.980584,33.229824,35.581286451573405,516.9758214849123,0.20832868742050809,0.031136848936395307,Abnormal data,Abnormal data,Normal data
487,488,3063373,224,-480,384,-5.696489,-11.71316,34.613922,36.98339763102905,654.2415456083479,0.21701856603652256,0.03940420291805741,Abnormal data,Abnormal data,Normal data
488,489,3063471,608,-704,-416,-3.763175,-12.802888,32.830463,35.438887228799075,1018.9877329978021,0.20744613831951303,0.06137243908092217,Abnormal data,Abnormal data,Normal data
489,490,3063568,-576,-64,0,-5.582205,-12.884463,32.699875,35.58724805988823,579.5446488407947,0.20836563574056371,0.03490529621099259,Abnormal data,Abnormal data,Normal data
490,491,3063715,-384,-736,736,-6.79499,-14.035983,35.488079,38.763184324647916,1109.4358926950217,0.22804916800059094,0.06682002592739808,Abnormal data,Abnormal data,Normal data
491,492,3063812,960,1728,1376,-3.683123,-11.22631,40.855656,42.529754977422165,2408.5182166635154,0.2513932809716879,0.1450622345497772,Abnormal data,Abnormal data,Normal data
492,493,3063910,-992,-448,-1152,-6.915169,-11.954097,35.97134,38.53125093712336,1584.8886396210935,0.2266117121025701,0.09545598865948367,Abnormal data,Abnormal data,Normal data
493,494,3064007,768,-1024,-544,-4.339499,-13.652325,33.550064,36.480460850717364,1390.8040839744467,0.2139015096743199,0.0837665029255103,Abnormal data,Abnormal data,Normal data
494,495,3064105,-704,2176,512,-6.693134,-9.91009,35.56218,37.51901615051301,2343.658678220871,0.220338174343627,0.14115582042624572,Abnormal data,Abnormal data,Normal data
495,496,3064202,224,-128,928,-5.908906,-10.120376,39.335209,41.043828373726214,963.1946843707143,0.24218393865445623,0.05801208903241745,Abnormal data,Abnormal data,Normal data
496,497,3064300,288,1248,-576,-4.908586,-7.878723,36.69862,37.85442117553146,1404.3589284794682,0.2224169174542434,0.08458289535271687,Abnormal data,Abnormal data,Normal data
497,498,3064397,96,-256,-832,-4.564302,-8.33111,32.946884,34.2890275728076,875.7716597378566,0.2003196415178133,0.05274670253187006,Abnormal data,Abnormal data,Normal data
498,499,3064495,416,288,-384,-3.131411,-7.789136,31.122902,32.23525094332322,635.1818637209346,0.1875909293613669,0.038256260575222995,Abnormal data,Normal data,Normal data
499,500,3064592,224,192,-192,-2.353721,-7.422242,30.143007,31.13246777649427,352.0,0.18075619899194773,0.021200548207709582,Abnormal data,Normal data,Normal data
500,501,3064690,256,-32,192,-1.468155,-7.467474,30.853874,31.778612113378664,321.5960198758685,0.18476081427369054,0.019369352053368975,Abnormal data,Normal data,Normal data
501,502,3064787,32,-320,96,-1.353238,-8.041869,31.13966,32.18977065798085,335.6188314144485,0.18730905573762163,0.02021392958754878,Abnormal data,Normal data,Normal data
502,503,3064885,-64,160,-64,-1.56775,-7.731673,30.723581,31.720262245211497,183.82600468921692,0.18439917870650965,0.011071625210921567,Abnormal data,Normal data,Normal data
503,504,3065031,320,32,288,-0.469043,-7.65822,31.845961,32.75719107185123,431.70360202342533,0.19082576296671355,0.026001002915169037,Abnormal data,Normal data,Normal data
504,505,3065128,224,-32,224,0.300192,-7.703174,32.684875,33.58169231406846,318.3959798741184,0.19593578264175998,0.01917661738767664,Abnormal data,Abnormal data,Normal data
505,506,3065226,-32,96,0,0.189386,-7.511917,32.542255,33.39854973733006,101.19288512538814,0.1948007180444584,0.006094729089142072,Abnormal data,Normal data,Normal data
506,507,3065323,32,128,288,0.298209,-7.26194,33.652824,34.42872731232244,316.7838379715733,0.20118546000415052,0.019079519966873865,Abnormal data,Abnormal data,Normal data
507,508,3065421,-192,0,64,-0.357808,-7.248532,33.784851,34.5555407975637,202.3857702507763,0.20197141322224565,0.012189458178284145,Abnormal data,Abnormal data,Normal data
508,509,3065567,320,-160,160,0.735538,-7.530074,34.331913,35.15570054535237,391.9183588453085,0.20569102935177838,0.023604784261893143,Abnormal data,Abnormal data,Normal data
509,510,3065665,224,384,64,1.499772,-6.807562,34.46027,35.15824831968635,449.14140312378237,0.20570681971849658,0.02705126127557975,Abnormal data,Abnormal data,Normal data
510,511,3065957,64,1184,2976,10.134831,-2.601877,60.790543,61.68447682810108,3203.5180661266763,0.37010869401799346,0.19294414544087266,Abnormal data,Abnormal data,Abnormal data
511,512,3066055,-1088,320,864,6.223434,-1.972673,64.625763,64.95469046073158,1425.7068422365096,0.3903765300729257,0.08586865522413785,Abnormal data,Abnormal data,Abnormal data
512,513,3066201,224,704,416,7.013284,-0.589571,66.32225,66.69463690201182,847.8490431674733,0.4011602137027515,0.051064956001512674,Abnormal data,Abnormal data,Abnormal data
513,514,3066298,-352,-160,-640,5.71026,-0.90566,62.904675,63.169814200762254,747.7325725150671,0.37931438445209054,0.045035058096819264,Abnormal data,Abnormal data,Abnormal data
514,515,3066396,416,32,-64,7.204619,-0.840335,62.285007,62.70593907149015,422.1089906647334,0.3764394208789967,0.025423130697429873,Abnormal data,Abnormal data,Abnormal data
515,516,3066493,-992,256,-288,3.548874,-0.331121,60.578598,60.68336414067797,1064.210505492217,0.3639040878054987,0.06409615376374639,Abnormal data,Abnormal data,Abnormal data
516,517,3066591,-256,704,-1216,2.583898,1.069672,54.346767,54.41867152379114,1428.2184706829694,0.325077339110346,0.08601992766720326,Abnormal data,Abnormal data,Abnormal data
517,518,3066688,1568,352,320,8.412382,1.776019,55.670082,56.330102470073754,1638.5749906549897,0.33692383398854686,0.09868945477650111,Abnormal data,Abnormal data,Abnormal data
518,519,3066786,-224,-160,192,7.523367,1.448777,56.349396,56.867868215515465,335.6188314144485,0.3402567501796533,0.02021392958754878,Abnormal data,Abnormal data,Abnormal data
519,520,3066883,352,-352,0,8.842103,0.732956,56.069248,56.76689687878006,497.80317395532944,0.3396309591063177,0.029982102805087504,Abnormal data,Abnormal data,Abnormal data
520,521,3066981,128,256,160,9.299646,1.25253,56.583973,57.356762875801714,327.90242451070714,0.3432867775527711,0.019749179426886646,Abnormal data,Abnormal data,Abnormal data
521,522,3067078,64,-128,0,9.509378,0.988644,56.304543,57.110482832352844,143.10835055998655,0.34176040524044965,0.008619248536854538,Abnormal data,Abnormal data,Abnormal data
522,523,3067176,-96,64,32,9.105941,1.117359,56.184975,56.92906172053942,119.73303637676612,0.34063600978369774,0.007211380709548509,Abnormal data,Abnormal data,Abnormal data
523,524,3067273,-96,0,32,8.704735,1.115078,56.066517,56.749186239783185,101.19288512538814,0.3395211937001573,0.006094729089142072,Abnormal data,Abnormal data,Abnormal data
524,525,3067371,-128,-32,-224,8.183807,1.047622,54.700806,55.319529877953315,259.96922894835075,0.3306605980291794,0.01565764253079716,Abnormal data,Abnormal data,Abnormal data
525,526,3067468,32,-32,64,8.274464,0.980397,54.746185,55.37664403716724,78.38367176906169,0.33101457503050213,0.004720956852378628,Abnormal data,Abnormal data,Abnormal data
526,527,3067566,64,96,96,8.485878,1.173422,54.946552,55.610346351283155,150.09330431434975,0.3324629942227216,0.009039944130030673,Abnormal data,Abnormal data,Abnormal data
527,528,3067663,0,-32,64,8.45377,1.106041,54.990349,55.64735426818046,71.55417527999327,0.33269235856299734,0.004309624268427269,Abnormal data,Abnormal data,Abnormal data
528,529,3067761,-64,-32,-32,8.180614,1.03889,54.571487,55.19102219782004,78.38367176906169,0.3298641446822934,0.004720956852378628,Abnormal data,Abnormal data,Abnormal data
529,530,3067859,-64,-64,32,7.909118,0.907147,54.463139,55.04189834072635,96.0,0.32893991824726904,0.005781967693011704,Abnormal data,Abnormal data,Abnormal data
530,531,3067956,-32,0,-96,7.759353,0.905311,53.744003,54.308793076714004,101.19288512538814,0.3243963443492977,0.006094729089142072,Abnormal data,Abnormal data,Abnormal data
531,532,3068053,0,-32,0,7.730321,0.838839,53.487591,54.049827979506496,32.0,0.3227913537511974,0.001927322564337235,Abnormal data,Abnormal data,Abnormal data
532,533,3068151,-64,96,64,7.462895,1.030811,53.53756,54.065032172859624,131.93938001976514,0.32288558493388037,0.007946554507398708,Abnormal data,Abnormal data,Abnormal data
533,534,3068248,64,-64,-128,7.673194,0.899638,52.678539,53.24204847549727,156.76734353812338,0.3177849705619058,0.009441913704757256,Abnormal data,Abnormal data,Abnormal data
534,535,3068395,0,-32,64,7.644726,0.833324,52.732052,53.28982616442614,71.55417527999327,0.31808108282705927,0.004309624268427269,Abnormal data,Abnormal data,Abnormal data
535,536,3068492,32,-64,0,7.734766,0.70282,52.483921,53.05546649084708,71.55417527999327,0.3166285895114568,0.004309624268427269,Abnormal data,Abnormal data,Abnormal data
536,537,3068590,0,-32,-32,7.706262,0.637039,52.08783,52.65865861194211,45.254833995939045,0.31416928931323634,0.0027256457095534096,Abnormal data,Abnormal data,Abnormal data
537,538,3068687,-96,0,-32,7.325441,0.635759,51.694775,52.215093963826085,101.19288512538814,0.3114202042143073,0.006094729089142072,Abnormal data,Abnormal data,Normal data
538,539,3068785,64,-32,0,7.533224,0.570333,51.453857,52.0055203198806,71.55417527999327,0.3101213275248645,0.004309624268427269,Abnormal data,Abnormal data,Normal data
539,540,3068882,32,-32,160,7.622698,0.505126,51.957893,52.516505234778606,166.27687752661222,0.31328826389206615,0.010014661812018082,Abnormal data,Abnormal data,Abnormal data
540,541,3068980,-32,0,-32,7.478256,0.504116,51.568996,52.11084142662645,45.254833995939045,0.31077407721171957,0.0027256457095534096,Abnormal data,Abnormal data,Normal data
